Starting the development server...

Compiled successfully!

You can now view ecorecicla in the browser.

  Local:            http://localhost:3000
  On Your Network:  http://192.168.56.1:3000

Note that the development build is not optimized.
To create a production build, use npm run build.

webpack compiled [1m[32msuccessfully[39m[22m
Compiling...
Compiled with warnings.

[eslint] 
src\paneles\encargado\Notificaciones.jsx
  Line 2:16:  'Av' is defined but never used  no-unused-vars

Search for the keywords to learn more about each warning.
To ignore, add // eslint-disable-next-line to the line before.

[1m[33mWARNING[39m[22m in [1m[eslint] 
src\paneles\encargado\Notificaciones.jsx
  Line 2:16:  'Av' is defined but never used  no-unused-vars

[39m[22m

webpack compiled with [1m[33m1 warning[39m[22m
Compiling...
Compiled with warnings.

[eslint] 
src\paneles\encargado\Notificaciones.jsx
  Line 2:16:  'Av' is defined but never used  no-unused-vars

Search for the keywords to learn more about each warning.
To ignore, add // eslint-disable-next-line to the line before.

[1m[33mWARNING[39m[22m in [1m[eslint] 
src\paneles\encargado\Notificaciones.jsx
  Line 2:16:  'Av' is defined but never used  no-unused-vars

[39m[22m

webpack compiled with [1m[33m1 warning[39m[22m
Compiling...
Compiled with warnings.

[eslint] 
src\paneles\encargado\Notificaciones.jsx
  Line 2:16:  'Av' is defined but never used  no-unused-vars

Search for the keywords to learn more about each warning.
To ignore, add // eslint-disable-next-line to the line before.

[1m[33mWARNING[39m[22m in [1m[eslint] 
src\paneles\encargado\Notificaciones.jsx
  Line 2:16:  'Av' is defined but never used  no-unused-vars

[39m[22m

webpack compiled with [1m[33m1 warning[39m[22m
Compiling...
Compiled with warnings.

[eslint] 
src\paneles\encargado\Notificaciones.jsx
  Line 2:16:  'Av' is defined but never used  no-unused-vars

src\paneles\encargado\PanelEncargado.jsx
  Line 31:9:  'navigate' is assigned a value but never used  no-unused-vars

Search for the keywords to learn more about each warning.
To ignore, add // eslint-disable-next-line to the line before.

[1m[33mWARNING[39m[22m in [1m[eslint] 
src\paneles\encargado\Notificaciones.jsx
  Line 2:16:  'Av' is defined but never used  no-unused-vars

src\paneles\encargado\PanelEncargado.jsx
  Line 31:9:  'navigate' is assigned a value but never used  no-unused-vars

[39m[22m

webpack compiled with [1m[33m1 warning[39m[22m
Compiling...
Failed to compile.

[eslint] 
src\paneles\encargado\RegistrarEntrega.jsx
  Line 99:21:   'PRIORIDADES' is not defined  no-undef
  Line 287:20:  'PRIORIDADES' is not defined  no-undef

Search for the keywords to learn more about each error.
[1m[33mWARNING[39m[22m in [1m[eslint] 
src\paneles\encargado\Notificaciones.jsx
  Line 2:16:  'Av' is defined but never used  no-unused-vars

src\paneles\encargado\PanelEncargado.jsx
  Line 31:9:  'navigate' is assigned a value but never used  no-unused-vars

[39m[22m

[1m[31mERROR[39m[22m in [1m[eslint] 
src\paneles\encargado\RegistrarEntrega.jsx
  Line 99:21:   'PRIORIDADES' is not defined  no-undef
  Line 287:20:  'PRIORIDADES' is not defined  no-undef

Search for the keywords to learn more about each [1m[31merror[39m[22m[1m.[39m[22m

webpack compiled with [1m[31m1 error[39m[22m and [1m[33m1 warning[39m[22m
Compiling...
Failed to compile.

[eslint] 
src\paneles\encargado\RegistrarEntrega.jsx
  Line 105:151:  'prioSel' is not defined      no-undef
  Line 285:20:   'PRIORIDADES' is not defined  no-undef
  Line 292:18:   'prioSel' is not defined      no-undef
  Line 294:89:   'prioSel' is not defined      no-undef
  Line 294:108:  'prioSel' is not defined      no-undef
  Line 295:62:   'prioSel' is not defined      no-undef
  Line 393:18:   'prioSel' is not defined      no-undef
  Line 393:87:   'prioSel' is not defined      no-undef
  Line 393:106:  'prioSel' is not defined      no-undef
  Line 393:212:  'prioSel' is not defined      no-undef

Search for the keywords to learn more about each error.
[1m[33mWARNING[39m[22m in [1m[eslint] 
src\paneles\encargado\Notificaciones.jsx
  Line 2:16:  'Av' is defined but never used  no-unused-vars

src\paneles\encargado\PanelEncargado.jsx
  Line 31:9:  'navigate' is assigned a value but never used  no-unused-vars

[39m[22m

[1m[31mERROR[39m[22m in [1m[eslint] 
src\paneles\encargado\RegistrarEntrega.jsx
  Line 105:151:  'prioSel' is not defined      no-undef
  Line 285:20:   'PRIORIDADES' is not defined  no-undef
  Line 292:18:   'prioSel' is not defined      no-undef
  Line 294:89:   'prioSel' is not defined      no-undef
  Line 294:108:  'prioSel' is not defined      no-undef
  Line 295:62:   'prioSel' is not defined      no-undef
  Line 393:18:   'prioSel' is not defined      no-undef
  Line 393:87:   'prioSel' is not defined      no-undef
  Line 393:106:  'prioSel' is not defined      no-undef
  Line 393:212:  'prioSel' is not defined      no-undef

Search for the keywords to learn more about each [1m[31merror[39m[22m[1m.[39m[22m

webpack compiled with [1m[31m1 error[39m[22m and [1m[33m1 warning[39m[22m
Compiling...
Failed to compile.

[eslint] 
src\paneles\encargado\RegistrarEntrega.jsx
  Line 105:151:  'prioSel' is not defined      no-undef
  Line 285:20:   'PRIORIDADES' is not defined  no-undef
  Line 292:18:   'prioSel' is not defined      no-undef
  Line 294:89:   'prioSel' is not defined      no-undef
  Line 294:108:  'prioSel' is not defined      no-undef
  Line 295:62:   'prioSel' is not defined      no-undef
  Line 393:18:   'prioSel' is not defined      no-undef
  Line 393:87:   'prioSel' is not defined      no-undef
  Line 393:106:  'prioSel' is not defined      no-undef
  Line 393:212:  'prioSel' is not defined      no-undef

Search for the keywords to learn more about each error.
[1m[33mWARNING[39m[22m in [1m[eslint] 
src\paneles\encargado\Notificaciones.jsx
  Line 2:16:  'Av' is defined but never used  no-unused-vars

src\paneles\encargado\PanelEncargado.jsx
  Line 31:9:  'navigate' is assigned a value but never used  no-unused-vars

[39m[22m

[1m[31mERROR[39m[22m in [1m[eslint] 
src\paneles\encargado\RegistrarEntrega.jsx
  Line 105:151:  'prioSel' is not defined      no-undef
  Line 285:20:   'PRIORIDADES' is not defined  no-undef
  Line 292:18:   'prioSel' is not defined      no-undef
  Line 294:89:   'prioSel' is not defined      no-undef
  Line 294:108:  'prioSel' is not defined      no-undef
  Line 295:62:   'prioSel' is not defined      no-undef
  Line 393:18:   'prioSel' is not defined      no-undef
  Line 393:87:   'prioSel' is not defined      no-undef
  Line 393:106:  'prioSel' is not defined      no-undef
  Line 393:212:  'prioSel' is not defined      no-undef

Search for the keywords to learn more about each [1m[31merror[39m[22m[1m.[39m[22m

webpack compiled with [1m[31m1 error[39m[22m and [1m[33m1 warning[39m[22m
Compiling...
Failed to compile.

[eslint] 
src\paneles\encargado\RegistrarEntrega.jsx
  Line 285:20:   'PRIORIDADES' is not defined  no-undef
  Line 292:18:   'prioSel' is not defined      no-undef
  Line 294:89:   'prioSel' is not defined      no-undef
  Line 294:108:  'prioSel' is not defined      no-undef
  Line 295:62:   'prioSel' is not defined      no-undef
  Line 393:18:   'prioSel' is not defined      no-undef
  Line 393:87:   'prioSel' is not defined      no-undef
  Line 393:106:  'prioSel' is not defined      no-undef
  Line 393:212:  'prioSel' is not defined      no-undef

Search for the keywords to learn more about each error.
[1m[33mWARNING[39m[22m in [1m[eslint] 
src\paneles\encargado\Notificaciones.jsx
  Line 2:16:  'Av' is defined but never used  no-unused-vars

src\paneles\encargado\PanelEncargado.jsx
  Line 31:9:  'navigate' is assigned a value but never used  no-unused-vars

[39m[22m

[1m[31mERROR[39m[22m in [1m[eslint] 
src\paneles\encargado\RegistrarEntrega.jsx
  Line 285:20:   'PRIORIDADES' is not defined  no-undef
  Line 292:18:   'prioSel' is not defined      no-undef
  Line 294:89:   'prioSel' is not defined      no-undef
  Line 294:108:  'prioSel' is not defined      no-undef
  Line 295:62:   'prioSel' is not defined      no-undef
  Line 393:18:   'prioSel' is not defined      no-undef
  Line 393:87:   'prioSel' is not defined      no-undef
  Line 393:106:  'prioSel' is not defined      no-undef
  Line 393:212:  'prioSel' is not defined      no-undef

Search for the keywords to learn more about each [1m[31merror[39m[22m[1m.[39m[22m

webpack compiled with [1m[31m1 error[39m[22m and [1m[33m1 warning[39m[22m
Compiling...
Failed to compile.

[eslint] 
src\paneles\encargado\RegistrarEntrega.jsx
  Line 280:20:   'PRIORIDADES' is not defined  no-undef
  Line 287:18:   'prioSel' is not defined      no-undef
  Line 289:89:   'prioSel' is not defined      no-undef
  Line 289:108:  'prioSel' is not defined      no-undef
  Line 290:62:   'prioSel' is not defined      no-undef
  Line 388:18:   'prioSel' is not defined      no-undef
  Line 388:87:   'prioSel' is not defined      no-undef
  Line 388:106:  'prioSel' is not defined      no-undef
  Line 388:212:  'prioSel' is not defined      no-undef

Search for the keywords to learn more about each error.
[1m[33mWARNING[39m[22m in [1m[eslint] 
src\paneles\encargado\Notificaciones.jsx
  Line 2:16:  'Av' is defined but never used  no-unused-vars

src\paneles\encargado\PanelEncargado.jsx
  Line 31:9:  'navigate' is assigned a value but never used  no-unused-vars

[39m[22m

[1m[31mERROR[39m[22m in [1m[eslint] 
src\paneles\encargado\RegistrarEntrega.jsx
  Line 280:20:   'PRIORIDADES' is not defined  no-undef
  Line 287:18:   'prioSel' is not defined      no-undef
  Line 289:89:   'prioSel' is not defined      no-undef
  Line 289:108:  'prioSel' is not defined      no-undef
  Line 290:62:   'prioSel' is not defined      no-undef
  Line 388:18:   'prioSel' is not defined      no-undef
  Line 388:87:   'prioSel' is not defined      no-undef
  Line 388:106:  'prioSel' is not defined      no-undef
  Line 388:212:  'prioSel' is not defined      no-undef

Search for the keywords to learn more about each [1m[31merror[39m[22m[1m.[39m[22m

webpack compiled with [1m[31m1 error[39m[22m and [1m[33m1 warning[39m[22m
Compiling...
Failed to compile.

[eslint] 
src\paneles\encargado\RegistrarEntrega.jsx
  Line 280:20:   'PRIORIDADES' is not defined  no-undef
  Line 287:18:   'prioSel' is not defined      no-undef
  Line 289:89:   'prioSel' is not defined      no-undef
  Line 289:108:  'prioSel' is not defined      no-undef
  Line 290:62:   'prioSel' is not defined      no-undef
  Line 388:18:   'prioSel' is not defined      no-undef
  Line 388:87:   'prioSel' is not defined      no-undef
  Line 388:106:  'prioSel' is not defined      no-undef
  Line 388:212:  'prioSel' is not defined      no-undef

Search for the keywords to learn more about each error.
[1m[33mWARNING[39m[22m in [1m[eslint] 
src\paneles\encargado\Notificaciones.jsx
  Line 2:16:  'Av' is defined but never used  no-unused-vars

src\paneles\encargado\PanelEncargado.jsx
  Line 31:9:  'navigate' is assigned a value but never used  no-unused-vars

[39m[22m

[1m[31mERROR[39m[22m in [1m[eslint] 
src\paneles\encargado\RegistrarEntrega.jsx
  Line 280:20:   'PRIORIDADES' is not defined  no-undef
  Line 287:18:   'prioSel' is not defined      no-undef
  Line 289:89:   'prioSel' is not defined      no-undef
  Line 289:108:  'prioSel' is not defined      no-undef
  Line 290:62:   'prioSel' is not defined      no-undef
  Line 388:18:   'prioSel' is not defined      no-undef
  Line 388:87:   'prioSel' is not defined      no-undef
  Line 388:106:  'prioSel' is not defined      no-undef
  Line 388:212:  'prioSel' is not defined      no-undef

Search for the keywords to learn more about each [1m[31merror[39m[22m[1m.[39m[22m

webpack compiled with [1m[31m1 error[39m[22m and [1m[33m1 warning[39m[22m
Compiling...
Failed to compile.

[eslint] 
src\paneles\encargado\RegistrarEntrega.jsx
  Line 368:18:   'prioSel' is not defined  no-undef
  Line 368:87:   'prioSel' is not defined  no-undef
  Line 368:106:  'prioSel' is not defined  no-undef
  Line 368:212:  'prioSel' is not defined  no-undef

Search for the keywords to learn more about each error.
[1m[33mWARNING[39m[22m in [1m[eslint] 
src\paneles\encargado\Notificaciones.jsx
  Line 2:16:  'Av' is defined but never used  no-unused-vars

src\paneles\encargado\PanelEncargado.jsx
  Line 31:9:  'navigate' is assigned a value but never used  no-unused-vars

[39m[22m

[1m[31mERROR[39m[22m in [1m[eslint] 
src\paneles\encargado\RegistrarEntrega.jsx
  Line 368:18:   'prioSel' is not defined  no-undef
  Line 368:87:   'prioSel' is not defined  no-undef
  Line 368:106:  'prioSel' is not defined  no-undef
  Line 368:212:  'prioSel' is not defined  no-undef

Search for the keywords to learn more about each [1m[31merror[39m[22m[1m.[39m[22m

webpack compiled with [1m[31m1 error[39m[22m and [1m[33m1 warning[39m[22m
Compiling...
Compiled with warnings.

[eslint] 
src\paneles\encargado\Notificaciones.jsx
  Line 2:16:  'Av' is defined but never used  no-unused-vars

src\paneles\encargado\PanelEncargado.jsx
  Line 31:9:  'navigate' is assigned a value but never used  no-unused-vars

Search for the keywords to learn more about each warning.
To ignore, add // eslint-disable-next-line to the line before.

[1m[33mWARNING[39m[22m in [1m[eslint] 
src\paneles\encargado\Notificaciones.jsx
  Line 2:16:  'Av' is defined but never used  no-unused-vars

src\paneles\encargado\PanelEncargado.jsx
  Line 31:9:  'navigate' is assigned a value but never used  no-unused-vars

[39m[22m

webpack compiled with [1m[33m1 warning[39m[22m
Compiling...
Compiled with warnings.

[eslint] 
src\paneles\encargado\Notificaciones.jsx
  Line 2:16:  'Av' is defined but never used  no-unused-vars

src\paneles\encargado\PanelEncargado.jsx
  Line 31:9:  'navigate' is assigned a value but never used  no-unused-vars

src\paneles\encargado\RegistrarEntrega.jsx
  Line 29:7:  'ESTADO_MULTIPLIER' is assigned a value but never used  no-unused-vars

Search for the keywords to learn more about each warning.
To ignore, add // eslint-disable-next-line to the line before.

[1m[33mWARNING[39m[22m in [1m[eslint] 
src\paneles\encargado\Notificaciones.jsx
  Line 2:16:  'Av' is defined but never used  no-unused-vars

src\paneles\encargado\PanelEncargado.jsx
  Line 31:9:  'navigate' is assigned a value but never used  no-unused-vars

src\paneles\encargado\RegistrarEntrega.jsx
  Line 29:7:  'ESTADO_MULTIPLIER' is assigned a value but never used  no-unused-vars

[39m[22m

webpack compiled with [1m[33m1 warning[39m[22m
Compiling...
Compiled with warnings.

[eslint] 
src\paneles\encargado\Notificaciones.jsx
  Line 2:16:  'Av' is defined but never used  no-unused-vars

src\paneles\encargado\PanelEncargado.jsx
  Line 31:9:  'navigate' is assigned a value but never used  no-unused-vars

Search for the keywords to learn more about each warning.
To ignore, add // eslint-disable-next-line to the line before.

[1m[33mWARNING[39m[22m in [1m[eslint] 
src\paneles\encargado\Notificaciones.jsx
  Line 2:16:  'Av' is defined but never used  no-unused-vars

src\paneles\encargado\PanelEncargado.jsx
  Line 31:9:  'navigate' is assigned a value but never used  no-unused-vars

[39m[22m

webpack compiled with [1m[33m1 warning[39m[22m
Compiling...
Compiled with warnings.

[eslint] 
src\paneles\encargado\Notificaciones.jsx
  Line 2:16:  'Av' is defined but never used  no-unused-vars

src\paneles\encargado\PanelEncargado.jsx
  Line 31:9:  'navigate' is assigned a value but never used  no-unused-vars

Search for the keywords to learn more about each warning.
To ignore, add // eslint-disable-next-line to the line before.

[1m[33mWARNING[39m[22m in [1m[eslint] 
src\paneles\encargado\Notificaciones.jsx
  Line 2:16:  'Av' is defined but never used  no-unused-vars

src\paneles\encargado\PanelEncargado.jsx
  Line 31:9:  'navigate' is assigned a value but never used  no-unused-vars

[39m[22m

webpack compiled with [1m[33m1 warning[39m[22m
Compiling...
Compiled with warnings.

[eslint] 
src\paneles\encargado\Notificaciones.jsx
  Line 2:16:  'Av' is defined but never used  no-unused-vars

src\paneles\encargado\PanelEncargado.jsx
  Line 31:9:  'navigate' is assigned a value but never used  no-unused-vars

Search for the keywords to learn more about each warning.
To ignore, add // eslint-disable-next-line to the line before.

[1m[33mWARNING[39m[22m in [1m[eslint] 
src\paneles\encargado\Notificaciones.jsx
  Line 2:16:  'Av' is defined but never used  no-unused-vars

src\paneles\encargado\PanelEncargado.jsx
  Line 31:9:  'navigate' is assigned a value but never used  no-unused-vars

[39m[22m

webpack compiled with [1m[33m1 warning[39m[22m
Compiling...
Compiled with warnings.

[eslint] 
src\paneles\encargado\Notificaciones.jsx
  Line 2:16:  'Av' is defined but never used  no-unused-vars

src\paneles\encargado\PanelEncargado.jsx
  Line 31:9:  'navigate' is assigned a value but never used  no-unused-vars

Search for the keywords to learn more about each warning.
To ignore, add // eslint-disable-next-line to the line before.

[1m[33mWARNING[39m[22m in [1m[eslint] 
src\paneles\encargado\Notificaciones.jsx
  Line 2:16:  'Av' is defined but never used  no-unused-vars

src\paneles\encargado\PanelEncargado.jsx
  Line 31:9:  'navigate' is assigned a value but never used  no-unused-vars

[39m[22m

webpack compiled with [1m[33m1 warning[39m[22m
Compiling...
Compiled with warnings.

[eslint] 
src\paneles\encargado\Notificaciones.jsx
  Line 2:16:  'Av' is defined but never used  no-unused-vars

src\paneles\encargado\PanelEncargado.jsx
  Line 31:9:  'navigate' is assigned a value but never used  no-unused-vars

Search for the keywords to learn more about each warning.
To ignore, add // eslint-disable-next-line to the line before.

[1m[33mWARNING[39m[22m in [1m[eslint] 
src\paneles\encargado\Notificaciones.jsx
  Line 2:16:  'Av' is defined but never used  no-unused-vars

src\paneles\encargado\PanelEncargado.jsx
  Line 31:9:  'navigate' is assigned a value but never used  no-unused-vars

[39m[22m

webpack compiled with [1m[33m1 warning[39m[22m
Compiling...
Compiled with warnings.

[eslint] 
src\paneles\encargado\HistorialdeEntregas.jsx
  Line 5:13:    'S' is defined but never used                                           no-unused-vars
  Line 187:17:  Comments inside children section of tag should be placed inside braces  react/jsx-no-comment-textnodes

src\paneles\encargado\Notificaciones.jsx
  Line 2:16:  'Av' is defined but never used  no-unused-vars

src\paneles\encargado\PanelEncargado.jsx
  Line 31:9:  'navigate' is assigned a value but never used  no-unused-vars

Search for the keywords to learn more about each warning.
To ignore, add // eslint-disable-next-line to the line before.

[1m[33mWARNING[39m[22m in [1m[eslint] 
src\paneles\encargado\HistorialdeEntregas.jsx
  Line 5:13:    'S' is defined but never used                                           no-unused-vars
  Line 187:17:  Comments inside children section of tag should be placed inside braces  react/jsx-no-comment-textnodes

src\paneles\encargado\Notificaciones.jsx
  Line 2:16:  'Av' is defined but never used  no-unused-vars

src\paneles\encargado\PanelEncargado.jsx
  Line 31:9:  'navigate' is assigned a value but never used  no-unused-vars

[39m[22m

webpack compiled with [1m[33m1 warning[39m[22m
Compiling...
Compiled with warnings.

[eslint] 
src\paneles\encargado\HistorialdeEntregas.jsx
  Line 5:13:    'S' is defined but never used                                           no-unused-vars
  Line 187:17:  Comments inside children section of tag should be placed inside braces  react/jsx-no-comment-textnodes

src\paneles\encargado\Notificaciones.jsx
  Line 2:16:  'Av' is defined but never used  no-unused-vars

src\paneles\encargado\PanelEncargado.jsx
  Line 31:9:  'navigate' is assigned a value but never used  no-unused-vars

Search for the keywords to learn more about each warning.
To ignore, add // eslint-disable-next-line to the line before.

[1m[33mWARNING[39m[22m in [1m[eslint] 
src\paneles\encargado\HistorialdeEntregas.jsx
  Line 5:13:    'S' is defined but never used                                           no-unused-vars
  Line 187:17:  Comments inside children section of tag should be placed inside braces  react/jsx-no-comment-textnodes

src\paneles\encargado\Notificaciones.jsx
  Line 2:16:  'Av' is defined but never used  no-unused-vars

src\paneles\encargado\PanelEncargado.jsx
  Line 31:9:  'navigate' is assigned a value but never used  no-unused-vars

[39m[22m

webpack compiled with [1m[33m1 warning[39m[22m
Compiling...
Compiled with warnings.

[eslint] 
src\paneles\encargado\HistorialdeEntregas.jsx
  Line 5:13:    'S' is defined but never used                                           no-unused-vars
  Line 188:17:  Comments inside children section of tag should be placed inside braces  react/jsx-no-comment-textnodes

src\paneles\encargado\Notificaciones.jsx
  Line 2:16:  'Av' is defined but never used  no-unused-vars

src\paneles\encargado\PanelEncargado.jsx
  Line 31:9:  'navigate' is assigned a value but never used  no-unused-vars

Search for the keywords to learn more about each warning.
To ignore, add // eslint-disable-next-line to the line before.

[1m[33mWARNING[39m[22m in [1m[eslint] 
src\paneles\encargado\HistorialdeEntregas.jsx
  Line 5:13:    'S' is defined but never used                                           no-unused-vars
  Line 188:17:  Comments inside children section of tag should be placed inside braces  react/jsx-no-comment-textnodes

src\paneles\encargado\Notificaciones.jsx
  Line 2:16:  'Av' is defined but never used  no-unused-vars

src\paneles\encargado\PanelEncargado.jsx
  Line 31:9:  'navigate' is assigned a value but never used  no-unused-vars

[39m[22m

webpack compiled with [1m[33m1 warning[39m[22m
Compiling...
Failed to compile.

[eslint] 
src\paneles\encargado\HistorialdeEntregas.jsx
  Line 125:36:  'estadoMaterial' is not defined  no-undef

Search for the keywords to learn more about each error.
[1m[33mWARNING[39m[22m in [1m[eslint] 
src\paneles\encargado\HistorialdeEntregas.jsx
  Line 5:13:    'S' is defined but never used                                           no-unused-vars
  Line 115:9:   'rawEstMat' is assigned a value but never used                          no-unused-vars
  Line 193:17:  Comments inside children section of tag should be placed inside braces  react/jsx-no-comment-textnodes

src\paneles\encargado\Notificaciones.jsx
  Line 2:16:  'Av' is defined but never used  no-unused-vars

src\paneles\encargado\PanelEncargado.jsx
  Line 31:9:  'navigate' is assigned a value but never used  no-unused-vars

[39m[22m

[1m[31mERROR[39m[22m in [1m[eslint] 
src\paneles\encargado\HistorialdeEntregas.jsx
  Line 125:36:  'estadoMaterial' is not defined  no-undef

Search for the keywords to learn more about each [1m[31merror[39m[22m[1m.[39m[22m

webpack compiled with [1m[31m1 error[39m[22m and [1m[33m1 warning[39m[22m
Compiling...
Compiled with warnings.

[eslint] 
src\paneles\encargado\HistorialdeEntregas.jsx
  Line 5:13:    'S' is defined but never used                                           no-unused-vars
  Line 193:17:  Comments inside children section of tag should be placed inside braces  react/jsx-no-comment-textnodes

src\paneles\encargado\Notificaciones.jsx
  Line 2:16:  'Av' is defined but never used  no-unused-vars

src\paneles\encargado\PanelEncargado.jsx
  Line 31:9:  'navigate' is assigned a value but never used  no-unused-vars

Search for the keywords to learn more about each warning.
To ignore, add // eslint-disable-next-line to the line before.

[1m[33mWARNING[39m[22m in [1m[eslint] 
src\paneles\encargado\HistorialdeEntregas.jsx
  Line 5:13:    'S' is defined but never used                                           no-unused-vars
  Line 193:17:  Comments inside children section of tag should be placed inside braces  react/jsx-no-comment-textnodes

src\paneles\encargado\Notificaciones.jsx
  Line 2:16:  'Av' is defined but never used  no-unused-vars

src\paneles\encargado\PanelEncargado.jsx
  Line 31:9:  'navigate' is assigned a value but never used  no-unused-vars

[39m[22m

webpack compiled with [1m[33m1 warning[39m[22m
Compiling...
Compiled with warnings.

[eslint] 
src\paneles\encargado\HistorialdeEntregas.jsx
  Line 5:13:    'S' is defined but never used                                           no-unused-vars
  Line 193:17:  Comments inside children section of tag should be placed inside braces  react/jsx-no-comment-textnodes

src\paneles\encargado\Notificaciones.jsx
  Line 2:16:  'Av' is defined but never used  no-unused-vars

src\paneles\encargado\PanelEncargado.jsx
  Line 31:9:  'navigate' is assigned a value but never used  no-unused-vars

Search for the keywords to learn more about each warning.
To ignore, add // eslint-disable-next-line to the line before.

[1m[33mWARNING[39m[22m in [1m[eslint] 
src\paneles\encargado\HistorialdeEntregas.jsx
  Line 5:13:    'S' is defined but never used                                           no-unused-vars
  Line 193:17:  Comments inside children section of tag should be placed inside braces  react/jsx-no-comment-textnodes

src\paneles\encargado\Notificaciones.jsx
  Line 2:16:  'Av' is defined but never used  no-unused-vars

src\paneles\encargado\PanelEncargado.jsx
  Line 31:9:  'navigate' is assigned a value but never used  no-unused-vars

[39m[22m

webpack compiled with [1m[33m1 warning[39m[22m
Compiling...
Compiled with warnings.

[eslint] 
src\paneles\encargado\HistorialdeEntregas.jsx
  Line 5:13:    'S' is defined but never used                                           no-unused-vars
  Line 193:17:  Comments inside children section of tag should be placed inside braces  react/jsx-no-comment-textnodes

src\paneles\encargado\Notificaciones.jsx
  Line 2:16:  'Av' is defined but never used  no-unused-vars

src\paneles\encargado\PanelEncargado.jsx
  Line 31:9:  'navigate' is assigned a value but never used  no-unused-vars

Search for the keywords to learn more about each warning.
To ignore, add // eslint-disable-next-line to the line before.

[1m[33mWARNING[39m[22m in [1m[eslint] 
src\paneles\encargado\HistorialdeEntregas.jsx
  Line 5:13:    'S' is defined but never used                                           no-unused-vars
  Line 193:17:  Comments inside children section of tag should be placed inside braces  react/jsx-no-comment-textnodes

src\paneles\encargado\Notificaciones.jsx
  Line 2:16:  'Av' is defined but never used  no-unused-vars

src\paneles\encargado\PanelEncargado.jsx
  Line 31:9:  'navigate' is assigned a value but never used  no-unused-vars

[39m[22m

webpack compiled with [1m[33m1 warning[39m[22m
Compiling...
Compiled with warnings.

[eslint] 
src\paneles\encargado\HistorialdeEntregas.jsx
  Line 5:13:    'S' is defined but never used                                           no-unused-vars
  Line 192:17:  Comments inside children section of tag should be placed inside braces  react/jsx-no-comment-textnodes

src\paneles\encargado\Notificaciones.jsx
  Line 2:16:  'Av' is defined but never used  no-unused-vars

src\paneles\encargado\PanelEncargado.jsx
  Line 31:9:  'navigate' is assigned a value but never used  no-unused-vars

Search for the keywords to learn more about each warning.
To ignore, add // eslint-disable-next-line to the line before.

[1m[33mWARNING[39m[22m in [1m[eslint] 
src\paneles\encargado\HistorialdeEntregas.jsx
  Line 5:13:    'S' is defined but never used                                           no-unused-vars
  Line 192:17:  Comments inside children section of tag should be placed inside braces  react/jsx-no-comment-textnodes

src\paneles\encargado\Notificaciones.jsx
  Line 2:16:  'Av' is defined but never used  no-unused-vars

src\paneles\encargado\PanelEncargado.jsx
  Line 31:9:  'navigate' is assigned a value but never used  no-unused-vars

[39m[22m

webpack compiled with [1m[33m1 warning[39m[22m
Compiling...
Compiled with warnings.

[eslint] 
src\paneles\encargado\HistorialdeEntregas.jsx
  Line 5:13:    'S' is defined but never used                                           no-unused-vars
  Line 192:17:  Comments inside children section of tag should be placed inside braces  react/jsx-no-comment-textnodes

src\paneles\encargado\Notificaciones.jsx
  Line 2:16:  'Av' is defined but never used  no-unused-vars

src\paneles\encargado\PanelEncargado.jsx
  Line 31:9:  'navigate' is assigned a value but never used  no-unused-vars

Search for the keywords to learn more about each warning.
To ignore, add // eslint-disable-next-line to the line before.

[1m[33mWARNING[39m[22m in [1m[eslint] 
src\paneles\encargado\HistorialdeEntregas.jsx
  Line 5:13:    'S' is defined but never used                                           no-unused-vars
  Line 192:17:  Comments inside children section of tag should be placed inside braces  react/jsx-no-comment-textnodes

src\paneles\encargado\Notificaciones.jsx
  Line 2:16:  'Av' is defined but never used  no-unused-vars

src\paneles\encargado\PanelEncargado.jsx
  Line 31:9:  'navigate' is assigned a value but never used  no-unused-vars

[39m[22m

webpack compiled with [1m[33m1 warning[39m[22m
Compiling...
Compiled with warnings.

[eslint] 
src\paneles\encargado\HistorialdeEntregas.jsx
  Line 5:13:    'S' is defined but never used                                           no-unused-vars
  Line 192:17:  Comments inside children section of tag should be placed inside braces  react/jsx-no-comment-textnodes

src\paneles\encargado\Notificaciones.jsx
  Line 2:16:  'Av' is defined but never used  no-unused-vars

src\paneles\encargado\PanelEncargado.jsx
  Line 31:9:  'navigate' is assigned a value but never used  no-unused-vars

Search for the keywords to learn more about each warning.
To ignore, add // eslint-disable-next-line to the line before.

[1m[33mWARNING[39m[22m in [1m[eslint] 
src\paneles\encargado\HistorialdeEntregas.jsx
  Line 5:13:    'S' is defined but never used                                           no-unused-vars
  Line 192:17:  Comments inside children section of tag should be placed inside braces  react/jsx-no-comment-textnodes

src\paneles\encargado\Notificaciones.jsx
  Line 2:16:  'Av' is defined but never used  no-unused-vars

src\paneles\encargado\PanelEncargado.jsx
  Line 31:9:  'navigate' is assigned a value but never used  no-unused-vars

[39m[22m

webpack compiled with [1m[33m1 warning[39m[22m
Compiling...
Compiled with warnings.

[eslint] 
src\paneles\encargado\HistorialdeEntregas.jsx
  Line 5:13:    'S' is defined but never used                                           no-unused-vars
  Line 192:17:  Comments inside children section of tag should be placed inside braces  react/jsx-no-comment-textnodes

src\paneles\encargado\Notificaciones.jsx
  Line 2:16:  'Av' is defined but never used  no-unused-vars

src\paneles\encargado\PanelEncargado.jsx
  Line 31:9:  'navigate' is assigned a value but never used  no-unused-vars

Search for the keywords to learn more about each warning.
To ignore, add // eslint-disable-next-line to the line before.

[1m[33mWARNING[39m[22m in [1m[eslint] 
src\paneles\encargado\HistorialdeEntregas.jsx
  Line 5:13:    'S' is defined but never used                                           no-unused-vars
  Line 192:17:  Comments inside children section of tag should be placed inside braces  react/jsx-no-comment-textnodes

src\paneles\encargado\Notificaciones.jsx
  Line 2:16:  'Av' is defined but never used  no-unused-vars

src\paneles\encargado\PanelEncargado.jsx
  Line 31:9:  'navigate' is assigned a value but never used  no-unused-vars

[39m[22m

webpack compiled with [1m[33m1 warning[39m[22m
Compiling...
Compiled with warnings.

[eslint] 
src\paneles\encargado\HistorialdeEntregas.jsx
  Line 5:13:    'S' is defined but never used                                           no-unused-vars
  Line 188:17:  Comments inside children section of tag should be placed inside braces  react/jsx-no-comment-textnodes

src\paneles\encargado\Notificaciones.jsx
  Line 2:16:  'Av' is defined but never used  no-unused-vars

src\paneles\encargado\PanelEncargado.jsx
  Line 31:9:  'navigate' is assigned a value but never used  no-unused-vars

Search for the keywords to learn more about each warning.
To ignore, add // eslint-disable-next-line to the line before.

[1m[33mWARNING[39m[22m in [1m[eslint] 
src\paneles\encargado\HistorialdeEntregas.jsx
  Line 5:13:    'S' is defined but never used                                           no-unused-vars
  Line 188:17:  Comments inside children section of tag should be placed inside braces  react/jsx-no-comment-textnodes

src\paneles\encargado\Notificaciones.jsx
  Line 2:16:  'Av' is defined but never used  no-unused-vars

src\paneles\encargado\PanelEncargado.jsx
  Line 31:9:  'navigate' is assigned a value but never used  no-unused-vars

[39m[22m

webpack compiled with [1m[33m1 warning[39m[22m
Compiling...
Compiled with warnings.

[eslint] 
src\paneles\encargado\HistorialdeEntregas.jsx
  Line 5:13:    'S' is defined but never used                                           no-unused-vars
  Line 188:17:  Comments inside children section of tag should be placed inside braces  react/jsx-no-comment-textnodes

src\paneles\encargado\Notificaciones.jsx
  Line 2:16:  'Av' is defined but never used  no-unused-vars

src\paneles\encargado\PanelEncargado.jsx
  Line 31:9:  'navigate' is assigned a value but never used  no-unused-vars

Search for the keywords to learn more about each warning.
To ignore, add // eslint-disable-next-line to the line before.

[1m[33mWARNING[39m[22m in [1m[eslint] 
src\paneles\encargado\HistorialdeEntregas.jsx
  Line 5:13:    'S' is defined but never used                                           no-unused-vars
  Line 188:17:  Comments inside children section of tag should be placed inside braces  react/jsx-no-comment-textnodes

src\paneles\encargado\Notificaciones.jsx
  Line 2:16:  'Av' is defined but never used  no-unused-vars

src\paneles\encargado\PanelEncargado.jsx
  Line 31:9:  'navigate' is assigned a value but never used  no-unused-vars

[39m[22m

webpack compiled with [1m[33m1 warning[39m[22m
Compiling...
Compiled with warnings.

[eslint] 
src\paneles\encargado\Canjes.jsx
  Line 512:35:  'st' is assigned a value but never used  no-unused-vars

src\paneles\encargado\HistorialdeEntregas.jsx
  Line 5:13:    'S' is defined but never used                                           no-unused-vars
  Line 188:17:  Comments inside children section of tag should be placed inside braces  react/jsx-no-comment-textnodes

src\paneles\encargado\Notificaciones.jsx
  Line 2:16:  'Av' is defined but never used  no-unused-vars

src\paneles\encargado\PanelEncargado.jsx
  Line 31:9:  'navigate' is assigned a value but never used  no-unused-vars

Search for the keywords to learn more about each warning.
To ignore, add // eslint-disable-next-line to the line before.

[1m[33mWARNING[39m[22m in [1m[eslint] 
src\paneles\encargado\Canjes.jsx
  Line 512:35:  'st' is assigned a value but never used  no-unused-vars

src\paneles\encargado\HistorialdeEntregas.jsx
  Line 5:13:    'S' is defined but never used                                           no-unused-vars
  Line 188:17:  Comments inside children section of tag should be placed inside braces  react/jsx-no-comment-textnodes

src\paneles\encargado\Notificaciones.jsx
  Line 2:16:  'Av' is defined but never used  no-unused-vars

src\paneles\encargado\PanelEncargado.jsx
  Line 31:9:  'navigate' is assigned a value but never used  no-unused-vars

[39m[22m

webpack compiled with [1m[33m1 warning[39m[22m
Compiling...
Failed to compile.

[eslint] 
src\paneles\encargado\Canjes.jsx
  Line 213:27:  'fechaVen' is not defined     no-undef
  Line 712:70:  'fechaVen' is not defined     no-undef
  Line 713:36:  'setFechaVen' is not defined  no-undef
  Line 716:20:  'fechaVen' is not defined     no-undef
  Line 719:56:  'fechaVen' is not defined     no-undef

Search for the keywords to learn more about each error.
[1m[33mWARNING[39m[22m in [1m[eslint] 
src\paneles\encargado\Canjes.jsx
  Line 510:35:  'st' is assigned a value but never used  no-unused-vars

src\paneles\encargado\HistorialdeEntregas.jsx
  Line 5:13:    'S' is defined but never used                                           no-unused-vars
  Line 188:17:  Comments inside children section of tag should be placed inside braces  react/jsx-no-comment-textnodes

src\paneles\encargado\Notificaciones.jsx
  Line 2:16:  'Av' is defined but never used  no-unused-vars

src\paneles\encargado\PanelEncargado.jsx
  Line 31:9:  'navigate' is assigned a value but never used  no-unused-vars

[39m[22m

[1m[31mERROR[39m[22m in [1m[eslint] 
src\paneles\encargado\Canjes.jsx
  Line 213:27:  'fechaVen' is not defined     no-undef
  Line 712:70:  'fechaVen' is not defined     no-undef
  Line 713:36:  'setFechaVen' is not defined  no-undef
  Line 716:20:  'fechaVen' is not defined     no-undef
  Line 719:56:  'fechaVen' is not defined     no-undef

Search for the keywords to learn more about each [1m[31merror[39m[22m[1m.[39m[22m

webpack compiled with [1m[31m1 error[39m[22m and [1m[33m1 warning[39m[22m
Compiling...
Failed to compile.

[eslint] 
src\paneles\encargado\Canjes.jsx
  Line 711:70:  'fechaVen' is not defined     no-undef
  Line 712:36:  'setFechaVen' is not defined  no-undef
  Line 715:20:  'fechaVen' is not defined     no-undef
  Line 718:56:  'fechaVen' is not defined     no-undef

Search for the keywords to learn more about each error.
[1m[33mWARNING[39m[22m in [1m[eslint] 
src\paneles\encargado\Canjes.jsx
  Line 509:35:  'st' is assigned a value but never used  no-unused-vars

src\paneles\encargado\HistorialdeEntregas.jsx
  Line 5:13:    'S' is defined but never used                                           no-unused-vars
  Line 188:17:  Comments inside children section of tag should be placed inside braces  react/jsx-no-comment-textnodes

src\paneles\encargado\Notificaciones.jsx
  Line 2:16:  'Av' is defined but never used  no-unused-vars

src\paneles\encargado\PanelEncargado.jsx
  Line 31:9:  'navigate' is assigned a value but never used  no-unused-vars

[39m[22m

[1m[31mERROR[39m[22m in [1m[eslint] 
src\paneles\encargado\Canjes.jsx
  Line 711:70:  'fechaVen' is not defined     no-undef
  Line 712:36:  'setFechaVen' is not defined  no-undef
  Line 715:20:  'fechaVen' is not defined     no-undef
  Line 718:56:  'fechaVen' is not defined     no-undef

Search for the keywords to learn more about each [1m[31merror[39m[22m[1m.[39m[22m

webpack compiled with [1m[31m1 error[39m[22m and [1m[33m1 warning[39m[22m
Compiling...
Compiled with warnings.

[eslint] 
src\paneles\encargado\Canjes.jsx
  Line 509:35:  'st' is assigned a value but never used  no-unused-vars

src\paneles\encargado\HistorialdeEntregas.jsx
  Line 5:13:    'S' is defined but never used                                           no-unused-vars
  Line 188:17:  Comments inside children section of tag should be placed inside braces  react/jsx-no-comment-textnodes

src\paneles\encargado\Notificaciones.jsx
  Line 2:16:  'Av' is defined but never used  no-unused-vars

src\paneles\encargado\PanelEncargado.jsx
  Line 31:9:  'navigate' is assigned a value but never used  no-unused-vars

Search for the keywords to learn more about each warning.
To ignore, add // eslint-disable-next-line to the line before.

[1m[33mWARNING[39m[22m in [1m[eslint] 
src\paneles\encargado\Canjes.jsx
  Line 509:35:  'st' is assigned a value but never used  no-unused-vars

src\paneles\encargado\HistorialdeEntregas.jsx
  Line 5:13:    'S' is defined but never used                                           no-unused-vars
  Line 188:17:  Comments inside children section of tag should be placed inside braces  react/jsx-no-comment-textnodes

src\paneles\encargado\Notificaciones.jsx
  Line 2:16:  'Av' is defined but never used  no-unused-vars

src\paneles\encargado\PanelEncargado.jsx
  Line 31:9:  'navigate' is assigned a value but never used  no-unused-vars

[39m[22m

webpack compiled with [1m[33m1 warning[39m[22m
Compiling...
Compiled with warnings.

[eslint] 
src\paneles\encargado\Canjes.jsx
  Line 509:35:  'st' is assigned a value but never used  no-unused-vars

src\paneles\encargado\HistorialdeEntregas.jsx
  Line 5:13:    'S' is defined but never used                                           no-unused-vars
  Line 188:17:  Comments inside children section of tag should be placed inside braces  react/jsx-no-comment-textnodes

src\paneles\encargado\Notificaciones.jsx
  Line 2:16:  'Av' is defined but never used  no-unused-vars

src\paneles\encargado\PanelEncargado.jsx
  Line 31:9:  'navigate' is assigned a value but never used  no-unused-vars

Search for the keywords to learn more about each warning.
To ignore, add // eslint-disable-next-line to the line before.

[1m[33mWARNING[39m[22m in [1m[eslint] 
src\paneles\encargado\Canjes.jsx
  Line 509:35:  'st' is assigned a value but never used  no-unused-vars

src\paneles\encargado\HistorialdeEntregas.jsx
  Line 5:13:    'S' is defined but never used                                           no-unused-vars
  Line 188:17:  Comments inside children section of tag should be placed inside braces  react/jsx-no-comment-textnodes

src\paneles\encargado\Notificaciones.jsx
  Line 2:16:  'Av' is defined but never used  no-unused-vars

src\paneles\encargado\PanelEncargado.jsx
  Line 31:9:  'navigate' is assigned a value but never used  no-unused-vars

[39m[22m

webpack compiled with [1m[33m1 warning[39m[22m
Compiling...
Compiled with warnings.

[eslint] 
src\paneles\encargado\Canjes.jsx
  Line 509:35:  'st' is assigned a value but never used  no-unused-vars

src\paneles\encargado\HistorialdeEntregas.jsx
  Line 5:13:    'S' is defined but never used                                           no-unused-vars
  Line 188:17:  Comments inside children section of tag should be placed inside braces  react/jsx-no-comment-textnodes

src\paneles\encargado\Notificaciones.jsx
  Line 2:16:  'Av' is defined but never used  no-unused-vars

src\paneles\encargado\PanelEncargado.jsx
  Line 31:9:  'navigate' is assigned a value but never used  no-unused-vars

Search for the keywords to learn more about each warning.
To ignore, add // eslint-disable-next-line to the line before.

[1m[33mWARNING[39m[22m in [1m[eslint] 
src\paneles\encargado\Canjes.jsx
  Line 509:35:  'st' is assigned a value but never used  no-unused-vars

src\paneles\encargado\HistorialdeEntregas.jsx
  Line 5:13:    'S' is defined but never used                                           no-unused-vars
  Line 188:17:  Comments inside children section of tag should be placed inside braces  react/jsx-no-comment-textnodes

src\paneles\encargado\Notificaciones.jsx
  Line 2:16:  'Av' is defined but never used  no-unused-vars

src\paneles\encargado\PanelEncargado.jsx
  Line 31:9:  'navigate' is assigned a value but never used  no-unused-vars

[39m[22m

webpack compiled with [1m[33m1 warning[39m[22m
Compiling...
Compiled with warnings.

[eslint] 
src\paneles\encargado\Canjes.jsx
  Line 509:35:  'st' is assigned a value but never used  no-unused-vars

src\paneles\encargado\HistorialdeEntregas.jsx
  Line 5:13:    'S' is defined but never used                                           no-unused-vars
  Line 188:17:  Comments inside children section of tag should be placed inside braces  react/jsx-no-comment-textnodes

src\paneles\encargado\Notificaciones.jsx
  Line 2:16:  'Av' is defined but never used  no-unused-vars

src\paneles\encargado\PanelEncargado.jsx
  Line 31:9:  'navigate' is assigned a value but never used  no-unused-vars

Search for the keywords to learn more about each warning.
To ignore, add // eslint-disable-next-line to the line before.

[1m[33mWARNING[39m[22m in [1m[eslint] 
src\paneles\encargado\Canjes.jsx
  Line 509:35:  'st' is assigned a value but never used  no-unused-vars

src\paneles\encargado\HistorialdeEntregas.jsx
  Line 5:13:    'S' is defined but never used                                           no-unused-vars
  Line 188:17:  Comments inside children section of tag should be placed inside braces  react/jsx-no-comment-textnodes

src\paneles\encargado\Notificaciones.jsx
  Line 2:16:  'Av' is defined but never used  no-unused-vars

src\paneles\encargado\PanelEncargado.jsx
  Line 31:9:  'navigate' is assigned a value but never used  no-unused-vars

[39m[22m

webpack compiled with [1m[33m1 warning[39m[22m
Compiling...
Compiled with warnings.

[eslint] 
src\paneles\encargado\Canjes.jsx
  Line 509:35:  'st' is assigned a value but never used  no-unused-vars

src\paneles\encargado\HistorialdeEntregas.jsx
  Line 5:13:    'S' is defined but never used                                           no-unused-vars
  Line 188:17:  Comments inside children section of tag should be placed inside braces  react/jsx-no-comment-textnodes

src\paneles\encargado\Notificaciones.jsx
  Line 2:16:  'Av' is defined but never used  no-unused-vars

src\paneles\encargado\PanelEncargado.jsx
  Line 31:9:  'navigate' is assigned a value but never used  no-unused-vars

Search for the keywords to learn more about each warning.
To ignore, add // eslint-disable-next-line to the line before.

[1m[33mWARNING[39m[22m in [1m[eslint] 
src\paneles\encargado\Canjes.jsx
  Line 509:35:  'st' is assigned a value but never used  no-unused-vars

src\paneles\encargado\HistorialdeEntregas.jsx
  Line 5:13:    'S' is defined but never used                                           no-unused-vars
  Line 188:17:  Comments inside children section of tag should be placed inside braces  react/jsx-no-comment-textnodes

src\paneles\encargado\Notificaciones.jsx
  Line 2:16:  'Av' is defined but never used  no-unused-vars

src\paneles\encargado\PanelEncargado.jsx
  Line 31:9:  'navigate' is assigned a value but never used  no-unused-vars

[39m[22m

webpack compiled with [1m[33m1 warning[39m[22m
Compiling...
Compiled with warnings.

[eslint] 
src\paneles\encargado\Canjes.jsx
  Line 509:35:  'st' is assigned a value but never used  no-unused-vars

src\paneles\encargado\HistorialdeEntregas.jsx
  Line 5:13:    'S' is defined but never used                                           no-unused-vars
  Line 188:17:  Comments inside children section of tag should be placed inside braces  react/jsx-no-comment-textnodes

src\paneles\encargado\Notificaciones.jsx
  Line 2:16:  'Av' is defined but never used  no-unused-vars

src\paneles\encargado\PanelEncargado.jsx
  Line 31:9:  'navigate' is assigned a value but never used  no-unused-vars

Search for the keywords to learn more about each warning.
To ignore, add // eslint-disable-next-line to the line before.

[1m[33mWARNING[39m[22m in [1m[eslint] 
src\paneles\encargado\Canjes.jsx
  Line 509:35:  'st' is assigned a value but never used  no-unused-vars

src\paneles\encargado\HistorialdeEntregas.jsx
  Line 5:13:    'S' is defined but never used                                           no-unused-vars
  Line 188:17:  Comments inside children section of tag should be placed inside braces  react/jsx-no-comment-textnodes

src\paneles\encargado\Notificaciones.jsx
  Line 2:16:  'Av' is defined but never used  no-unused-vars

src\paneles\encargado\PanelEncargado.jsx
  Line 31:9:  'navigate' is assigned a value but never used  no-unused-vars

[39m[22m

webpack compiled with [1m[33m1 warning[39m[22m
Compiling...
Compiled with warnings.

[eslint] 
src\paneles\encargado\Canjes.jsx
  Line 509:35:  'st' is assigned a value but never used  no-unused-vars

src\paneles\encargado\HistorialdeEntregas.jsx
  Line 5:13:    'S' is defined but never used                                           no-unused-vars
  Line 188:17:  Comments inside children section of tag should be placed inside braces  react/jsx-no-comment-textnodes

src\paneles\encargado\Notificaciones.jsx
  Line 2:16:  'Av' is defined but never used  no-unused-vars

src\paneles\encargado\PanelEncargado.jsx
  Line 31:9:  'navigate' is assigned a value but never used  no-unused-vars

Search for the keywords to learn more about each warning.
To ignore, add // eslint-disable-next-line to the line before.

[1m[33mWARNING[39m[22m in [1m[eslint] 
src\paneles\encargado\Canjes.jsx
  Line 509:35:  'st' is assigned a value but never used  no-unused-vars

src\paneles\encargado\HistorialdeEntregas.jsx
  Line 5:13:    'S' is defined but never used                                           no-unused-vars
  Line 188:17:  Comments inside children section of tag should be placed inside braces  react/jsx-no-comment-textnodes

src\paneles\encargado\Notificaciones.jsx
  Line 2:16:  'Av' is defined but never used  no-unused-vars

src\paneles\encargado\PanelEncargado.jsx
  Line 31:9:  'navigate' is assigned a value but never used  no-unused-vars

[39m[22m

webpack compiled with [1m[33m1 warning[39m[22m
Compiling...
Compiled with warnings.

[eslint] 
src\components\Topbar.jsx
  Line 29:9:  The href attribute requires a valid value to be accessible. Provide a valid, navigable address as the href value. If you cannot provide a valid href, but still need the element to resemble a link, use a button and change it with appropriate styles. Learn more: https://github.com/jsx-eslint/eslint-plugin-jsx-a11y/blob/HEAD/docs/rules/anchor-is-valid.md  jsx-a11y/anchor-is-valid

src\paneles\encargado\Canjes.jsx
  Line 509:35:  'st' is assigned a value but never used  no-unused-vars

src\paneles\encargado\HistorialdeEntregas.jsx
  Line 5:13:    'S' is defined but never used                                           no-unused-vars
  Line 188:17:  Comments inside children section of tag should be placed inside braces  react/jsx-no-comment-textnodes

src\paneles\encargado\Notificaciones.jsx
  Line 2:16:  'Av' is defined but never used  no-unused-vars

src\paneles\encargado\PanelEncargado.jsx
  Line 31:9:  'navigate' is assigned a value but never used  no-unused-vars

Search for the keywords to learn more about each warning.
To ignore, add // eslint-disable-next-line to the line before.

[1m[33mWARNING[39m[22m in [1m[eslint] 
src\components\Topbar.jsx
  Line 29:9:  The href attribute requires a valid value to be accessible. Provide a valid, navigable address as the href value. If you cannot provide a valid href, but still need the element to resemble a link, use a button and change it with appropriate styles. Learn more: https://github.com/jsx-eslint/eslint-plugin-jsx-a11y/blob/HEAD/docs/rules/anchor-is-valid.md  jsx-a11y/anchor-is-valid

src\paneles\encargado\Canjes.jsx
  Line 509:35:  'st' is assigned a value but never used  no-unused-vars

src\paneles\encargado\HistorialdeEntregas.jsx
  Line 5:13:    'S' is defined but never used                                           no-unused-vars
  Line 188:17:  Comments inside children section of tag should be placed inside braces  react/jsx-no-comment-textnodes

src\paneles\encargado\Notificaciones.jsx
  Line 2:16:  'Av' is defined but never used  no-unused-vars

src\paneles\encargado\PanelEncargado.jsx
  Line 31:9:  'navigate' is assigned a value but never used  no-unused-vars

[39m[22m

webpack compiled with [1m[33m1 warning[39m[22m
Compiling...
Compiled with warnings.

[eslint] 
src\components\Topbar.jsx
  Line 29:9:  The href attribute requires a valid value to be accessible. Provide a valid, navigable address as the href value. If you cannot provide a valid href, but still need the element to resemble a link, use a button and change it with appropriate styles. Learn more: https://github.com/jsx-eslint/eslint-plugin-jsx-a11y/blob/HEAD/docs/rules/anchor-is-valid.md  jsx-a11y/anchor-is-valid

src\paneles\encargado\Canjes.jsx
  Line 509:35:  'st' is assigned a value but never used  no-unused-vars

src\paneles\encargado\HistorialdeEntregas.jsx
  Line 5:13:    'S' is defined but never used                                           no-unused-vars
  Line 188:17:  Comments inside children section of tag should be placed inside braces  react/jsx-no-comment-textnodes

src\paneles\encargado\Notificaciones.jsx
  Line 2:16:  'Av' is defined but never used  no-unused-vars

src\paneles\encargado\PanelEncargado.jsx
  Line 31:9:  'navigate' is assigned a value but never used  no-unused-vars

Search for the keywords to learn more about each warning.
To ignore, add // eslint-disable-next-line to the line before.

[1m[33mWARNING[39m[22m in [1m[eslint] 
src\components\Topbar.jsx
  Line 29:9:  The href attribute requires a valid value to be accessible. Provide a valid, navigable address as the href value. If you cannot provide a valid href, but still need the element to resemble a link, use a button and change it with appropriate styles. Learn more: https://github.com/jsx-eslint/eslint-plugin-jsx-a11y/blob/HEAD/docs/rules/anchor-is-valid.md  jsx-a11y/anchor-is-valid

src\paneles\encargado\Canjes.jsx
  Line 509:35:  'st' is assigned a value but never used  no-unused-vars

src\paneles\encargado\HistorialdeEntregas.jsx
  Line 5:13:    'S' is defined but never used                                           no-unused-vars
  Line 188:17:  Comments inside children section of tag should be placed inside braces  react/jsx-no-comment-textnodes

src\paneles\encargado\Notificaciones.jsx
  Line 2:16:  'Av' is defined but never used  no-unused-vars

src\paneles\encargado\PanelEncargado.jsx
  Line 31:9:  'navigate' is assigned a value but never used  no-unused-vars

[39m[22m

webpack compiled with [1m[33m1 warning[39m[22m
Compiling...
Compiled with warnings.

[eslint] 
src\components\Topbar.jsx
  Line 29:9:  The href attribute requires a valid value to be accessible. Provide a valid, navigable address as the href value. If you cannot provide a valid href, but still need the element to resemble a link, use a button and change it with appropriate styles. Learn more: https://github.com/jsx-eslint/eslint-plugin-jsx-a11y/blob/HEAD/docs/rules/anchor-is-valid.md  jsx-a11y/anchor-is-valid

src\paneles\encargado\Canjes.jsx
  Line 509:35:  'st' is assigned a value but never used  no-unused-vars

src\paneles\encargado\HistorialdeEntregas.jsx
  Line 5:13:    'S' is defined but never used                                           no-unused-vars
  Line 188:17:  Comments inside children section of tag should be placed inside braces  react/jsx-no-comment-textnodes

src\paneles\encargado\Notificaciones.jsx
  Line 2:16:  'Av' is defined but never used  no-unused-vars

src\paneles\encargado\PanelEncargado.jsx
  Line 31:9:  'navigate' is assigned a value but never used  no-unused-vars

Search for the keywords to learn more about each warning.
To ignore, add // eslint-disable-next-line to the line before.

[1m[33mWARNING[39m[22m in [1m[eslint] 
src\components\Topbar.jsx
  Line 29:9:  The href attribute requires a valid value to be accessible. Provide a valid, navigable address as the href value. If you cannot provide a valid href, but still need the element to resemble a link, use a button and change it with appropriate styles. Learn more: https://github.com/jsx-eslint/eslint-plugin-jsx-a11y/blob/HEAD/docs/rules/anchor-is-valid.md  jsx-a11y/anchor-is-valid

src\paneles\encargado\Canjes.jsx
  Line 509:35:  'st' is assigned a value but never used  no-unused-vars

src\paneles\encargado\HistorialdeEntregas.jsx
  Line 5:13:    'S' is defined but never used                                           no-unused-vars
  Line 188:17:  Comments inside children section of tag should be placed inside braces  react/jsx-no-comment-textnodes

src\paneles\encargado\Notificaciones.jsx
  Line 2:16:  'Av' is defined but never used  no-unused-vars

src\paneles\encargado\PanelEncargado.jsx
  Line 31:9:  'navigate' is assigned a value but never used  no-unused-vars

[39m[22m

webpack compiled with [1m[33m1 warning[39m[22m
Compiling...
Compiled with warnings.

[eslint] 
src\components\Topbar.jsx
  Line 29:9:  The href attribute requires a valid value to be accessible. Provide a valid, navigable address as the href value. If you cannot provide a valid href, but still need the element to resemble a link, use a button and change it with appropriate styles. Learn more: https://github.com/jsx-eslint/eslint-plugin-jsx-a11y/blob/HEAD/docs/rules/anchor-is-valid.md  jsx-a11y/anchor-is-valid

src\paneles\administrador\Encargados.jsx
  Line 307:13:  'resp' is assigned a value but never used  no-unused-vars

src\paneles\encargado\Canjes.jsx
  Line 509:35:  'st' is assigned a value but never used  no-unused-vars

src\paneles\encargado\HistorialdeEntregas.jsx
  Line 5:13:    'S' is defined but never used                                           no-unused-vars
  Line 188:17:  Comments inside children section of tag should be placed inside braces  react/jsx-no-comment-textnodes

src\paneles\encargado\Notificaciones.jsx
  Line 2:16:  'Av' is defined but never used  no-unused-vars

src\paneles\encargado\PanelEncargado.jsx
  Line 31:9:  'navigate' is assigned a value but never used  no-unused-vars

Search for the keywords to learn more about each warning.
To ignore, add // eslint-disable-next-line to the line before.

[1m[33mWARNING[39m[22m in [1m[eslint] 
src\components\Topbar.jsx
  Line 29:9:  The href attribute requires a valid value to be accessible. Provide a valid, navigable address as the href value. If you cannot provide a valid href, but still need the element to resemble a link, use a button and change it with appropriate styles. Learn more: https://github.com/jsx-eslint/eslint-plugin-jsx-a11y/blob/HEAD/docs/rules/anchor-is-valid.md  jsx-a11y/anchor-is-valid

src\paneles\administrador\Encargados.jsx
  Line 307:13:  'resp' is assigned a value but never used  no-unused-vars

src\paneles\encargado\Canjes.jsx
  Line 509:35:  'st' is assigned a value but never used  no-unused-vars

src\paneles\encargado\HistorialdeEntregas.jsx
  Line 5:13:    'S' is defined but never used                                           no-unused-vars
  Line 188:17:  Comments inside children section of tag should be placed inside braces  react/jsx-no-comment-textnodes

src\paneles\encargado\Notificaciones.jsx
  Line 2:16:  'Av' is defined but never used  no-unused-vars

src\paneles\encargado\PanelEncargado.jsx
  Line 31:9:  'navigate' is assigned a value but never used  no-unused-vars

[39m[22m

webpack compiled with [1m[33m1 warning[39m[22m
Compiling...
Compiled with warnings.

[eslint] 
src\components\Topbar.jsx
  Line 29:9:  The href attribute requires a valid value to be accessible. Provide a valid, navigable address as the href value. If you cannot provide a valid href, but still need the element to resemble a link, use a button and change it with appropriate styles. Learn more: https://github.com/jsx-eslint/eslint-plugin-jsx-a11y/blob/HEAD/docs/rules/anchor-is-valid.md  jsx-a11y/anchor-is-valid

src\paneles\administrador\Encargados.jsx
  Line 307:13:  'resp' is assigned a value but never used  no-unused-vars

src\paneles\encargado\Canjes.jsx
  Line 509:35:  'st' is assigned a value but never used  no-unused-vars

src\paneles\encargado\HistorialdeEntregas.jsx
  Line 5:13:    'S' is defined but never used                                           no-unused-vars
  Line 188:17:  Comments inside children section of tag should be placed inside braces  react/jsx-no-comment-textnodes

src\paneles\encargado\Notificaciones.jsx
  Line 2:16:  'Av' is defined but never used  no-unused-vars

src\paneles\encargado\PanelEncargado.jsx
  Line 31:9:  'navigate' is assigned a value but never used  no-unused-vars

Search for the keywords to learn more about each warning.
To ignore, add // eslint-disable-next-line to the line before.

[1m[33mWARNING[39m[22m in [1m[eslint] 
src\components\Topbar.jsx
  Line 29:9:  The href attribute requires a valid value to be accessible. Provide a valid, navigable address as the href value. If you cannot provide a valid href, but still need the element to resemble a link, use a button and change it with appropriate styles. Learn more: https://github.com/jsx-eslint/eslint-plugin-jsx-a11y/blob/HEAD/docs/rules/anchor-is-valid.md  jsx-a11y/anchor-is-valid

src\paneles\administrador\Encargados.jsx
  Line 307:13:  'resp' is assigned a value but never used  no-unused-vars

src\paneles\encargado\Canjes.jsx
  Line 509:35:  'st' is assigned a value but never used  no-unused-vars

src\paneles\encargado\HistorialdeEntregas.jsx
  Line 5:13:    'S' is defined but never used                                           no-unused-vars
  Line 188:17:  Comments inside children section of tag should be placed inside braces  react/jsx-no-comment-textnodes

src\paneles\encargado\Notificaciones.jsx
  Line 2:16:  'Av' is defined but never used  no-unused-vars

src\paneles\encargado\PanelEncargado.jsx
  Line 31:9:  'navigate' is assigned a value but never used  no-unused-vars

[39m[22m

webpack compiled with [1m[33m1 warning[39m[22m
Compiling...
Compiled with warnings.

[eslint] 
src\components\Topbar.jsx
  Line 29:9:  The href attribute requires a valid value to be accessible. Provide a valid, navigable address as the href value. If you cannot provide a valid href, but still need the element to resemble a link, use a button and change it with appropriate styles. Learn more: https://github.com/jsx-eslint/eslint-plugin-jsx-a11y/blob/HEAD/docs/rules/anchor-is-valid.md  jsx-a11y/anchor-is-valid

src\paneles\administrador\Encargados.jsx
  Line 307:13:  'resp' is assigned a value but never used  no-unused-vars

src\paneles\administrador\Usuarios.jsx
  Line 3:10:  'ALL_POINTS' is defined but never used                                                                                                                                                                                                             no-unused-vars
  Line 3:22:  'ZONAS' is defined but never used                                                                                                                                                                                                                  no-unused-vars
  Line 4:10:  'getRolCfg' is defined but never used                                                                                                                                                                                                              no-unused-vars
  Line 43:6:  React Hook useEffect has missing dependencies: 'dispatch' and 'showToast'. Either include them or remove the dependency array. If 'dispatch' changes too often, find the parent component that defines it and wrap that definition in useCallback  react-hooks/exhaustive-deps

src\paneles\encargado\Canjes.jsx
  Line 509:35:  'st' is assigned a value but never used  no-unused-vars

src\paneles\encargado\HistorialdeEntregas.jsx
  Line 5:13:    'S' is defined but never used                                           no-unused-vars
  Line 188:17:  Comments inside children section of tag should be placed inside braces  react/jsx-no-comment-textnodes

src\paneles\encargado\Notificaciones.jsx
  Line 2:16:  'Av' is defined but never used  no-unused-vars

src\paneles\encargado\PanelEncargado.jsx
  Line 31:9:  'navigate' is assigned a value but never used  no-unused-vars

Search for the keywords to learn more about each warning.
To ignore, add // eslint-disable-next-line to the line before.

[1m[33mWARNING[39m[22m in [1m[eslint] 
src\components\Topbar.jsx
  Line 29:9:  The href attribute requires a valid value to be accessible. Provide a valid, navigable address as the href value. If you cannot provide a valid href, but still need the element to resemble a link, use a button and change it with appropriate styles. Learn more: https://github.com/jsx-eslint/eslint-plugin-jsx-a11y/blob/HEAD/docs/rules/anchor-is-valid.md  jsx-a11y/anchor-is-valid

src\paneles\administrador\Encargados.jsx
  Line 307:13:  'resp' is assigned a value but never used  no-unused-vars

src\paneles\administrador\Usuarios.jsx
  Line 3:10:  'ALL_POINTS' is defined but never used                                                                                                                                                                                                             no-unused-vars
  Line 3:22:  'ZONAS' is defined but never used                                                                                                                                                                                                                  no-unused-vars
  Line 4:10:  'getRolCfg' is defined but never used                                                                                                                                                                                                              no-unused-vars
  Line 43:6:  React Hook useEffect has missing dependencies: 'dispatch' and 'showToast'. Either include them or remove the dependency array. If 'dispatch' changes too often, find the parent component that defines it and wrap that definition in useCallback  react-hooks/exhaustive-deps

src\paneles\encargado\Canjes.jsx
  Line 509:35:  'st' is assigned a value but never used  no-unused-vars

src\paneles\encargado\HistorialdeEntregas.jsx
  Line 5:13:    'S' is defined but never used                                           no-unused-vars
  Line 188:17:  Comments inside children section of tag should be placed inside braces  react/jsx-no-comment-textnodes

src\paneles\encargado\Notificaciones.jsx
  Line 2:16:  'Av' is defined but never used  no-unused-vars

src\paneles\encargado\PanelEncargado.jsx
  Line 31:9:  'navigate' is assigned a value but never used  no-unused-vars

[39m[22m

webpack compiled with [1m[33m1 warning[39m[22m
Compiling...
Compiled with warnings.

[eslint] 
src\components\Topbar.jsx
  Line 29:9:  The href attribute requires a valid value to be accessible. Provide a valid, navigable address as the href value. If you cannot provide a valid href, but still need the element to resemble a link, use a button and change it with appropriate styles. Learn more: https://github.com/jsx-eslint/eslint-plugin-jsx-a11y/blob/HEAD/docs/rules/anchor-is-valid.md  jsx-a11y/anchor-is-valid

src\paneles\administrador\Encargados.jsx
  Line 307:13:  'resp' is assigned a value but never used  no-unused-vars

src\paneles\administrador\Usuarios.jsx
  Line 3:10:  'ALL_POINTS' is defined but never used                                                                                                                                                                                                             no-unused-vars
  Line 3:22:  'ZONAS' is defined but never used                                                                                                                                                                                                                  no-unused-vars
  Line 4:10:  'getRolCfg' is defined but never used                                                                                                                                                                                                              no-unused-vars
  Line 43:6:  React Hook useEffect has missing dependencies: 'dispatch' and 'showToast'. Either include them or remove the dependency array. If 'dispatch' changes too often, find the parent component that defines it and wrap that definition in useCallback  react-hooks/exhaustive-deps

src\paneles\encargado\Canjes.jsx
  Line 509:35:  'st' is assigned a value but never used  no-unused-vars

src\paneles\encargado\HistorialdeEntregas.jsx
  Line 5:13:    'S' is defined but never used                                           no-unused-vars
  Line 188:17:  Comments inside children section of tag should be placed inside braces  react/jsx-no-comment-textnodes

src\paneles\encargado\Notificaciones.jsx
  Line 2:16:  'Av' is defined but never used  no-unused-vars

src\paneles\encargado\PanelEncargado.jsx
  Line 31:9:  'navigate' is assigned a value but never used  no-unused-vars

Search for the keywords to learn more about each warning.
To ignore, add // eslint-disable-next-line to the line before.

[1m[33mWARNING[39m[22m in [1m[eslint] 
src\components\Topbar.jsx
  Line 29:9:  The href attribute requires a valid value to be accessible. Provide a valid, navigable address as the href value. If you cannot provide a valid href, but still need the element to resemble a link, use a button and change it with appropriate styles. Learn more: https://github.com/jsx-eslint/eslint-plugin-jsx-a11y/blob/HEAD/docs/rules/anchor-is-valid.md  jsx-a11y/anchor-is-valid

src\paneles\administrador\Encargados.jsx
  Line 307:13:  'resp' is assigned a value but never used  no-unused-vars

src\paneles\administrador\Usuarios.jsx
  Line 3:10:  'ALL_POINTS' is defined but never used                                                                                                                                                                                                             no-unused-vars
  Line 3:22:  'ZONAS' is defined but never used                                                                                                                                                                                                                  no-unused-vars
  Line 4:10:  'getRolCfg' is defined but never used                                                                                                                                                                                                              no-unused-vars
  Line 43:6:  React Hook useEffect has missing dependencies: 'dispatch' and 'showToast'. Either include them or remove the dependency array. If 'dispatch' changes too often, find the parent component that defines it and wrap that definition in useCallback  react-hooks/exhaustive-deps

src\paneles\encargado\Canjes.jsx
  Line 509:35:  'st' is assigned a value but never used  no-unused-vars

src\paneles\encargado\HistorialdeEntregas.jsx
  Line 5:13:    'S' is defined but never used                                           no-unused-vars
  Line 188:17:  Comments inside children section of tag should be placed inside braces  react/jsx-no-comment-textnodes

src\paneles\encargado\Notificaciones.jsx
  Line 2:16:  'Av' is defined but never used  no-unused-vars

src\paneles\encargado\PanelEncargado.jsx
  Line 31:9:  'navigate' is assigned a value but never used  no-unused-vars

[39m[22m

webpack compiled with [1m[33m1 warning[39m[22m
Compiling...
Compiled with warnings.

[eslint] 
src\components\Topbar.jsx
  Line 29:9:  The href attribute requires a valid value to be accessible. Provide a valid, navigable address as the href value. If you cannot provide a valid href, but still need the element to resemble a link, use a button and change it with appropriate styles. Learn more: https://github.com/jsx-eslint/eslint-plugin-jsx-a11y/blob/HEAD/docs/rules/anchor-is-valid.md  jsx-a11y/anchor-is-valid

src\paneles\administrador\Encargados.jsx
  Line 307:13:  'resp' is assigned a value but never used  no-unused-vars

src\paneles\administrador\Usuarios.jsx
  Line 3:10:  'ALL_POINTS' is defined but never used                                                                                                                                                                                                             no-unused-vars
  Line 3:22:  'ZONAS' is defined but never used                                                                                                                                                                                                                  no-unused-vars
  Line 4:10:  'getRolCfg' is defined but never used                                                                                                                                                                                                              no-unused-vars
  Line 43:6:  React Hook useEffect has missing dependencies: 'dispatch' and 'showToast'. Either include them or remove the dependency array. If 'dispatch' changes too often, find the parent component that defines it and wrap that definition in useCallback  react-hooks/exhaustive-deps

src\paneles\encargado\Canjes.jsx
  Line 509:35:  'st' is assigned a value but never used  no-unused-vars

src\paneles\encargado\HistorialdeEntregas.jsx
  Line 5:13:    'S' is defined but never used                                           no-unused-vars
  Line 188:17:  Comments inside children section of tag should be placed inside braces  react/jsx-no-comment-textnodes

src\paneles\encargado\Notificaciones.jsx
  Line 2:16:  'Av' is defined but never used  no-unused-vars

src\paneles\encargado\PanelEncargado.jsx
  Line 31:9:  'navigate' is assigned a value but never used  no-unused-vars

Search for the keywords to learn more about each warning.
To ignore, add // eslint-disable-next-line to the line before.

[1m[33mWARNING[39m[22m in [1m[eslint] 
src\components\Topbar.jsx
  Line 29:9:  The href attribute requires a valid value to be accessible. Provide a valid, navigable address as the href value. If you cannot provide a valid href, but still need the element to resemble a link, use a button and change it with appropriate styles. Learn more: https://github.com/jsx-eslint/eslint-plugin-jsx-a11y/blob/HEAD/docs/rules/anchor-is-valid.md  jsx-a11y/anchor-is-valid

src\paneles\administrador\Encargados.jsx
  Line 307:13:  'resp' is assigned a value but never used  no-unused-vars

src\paneles\administrador\Usuarios.jsx
  Line 3:10:  'ALL_POINTS' is defined but never used                                                                                                                                                                                                             no-unused-vars
  Line 3:22:  'ZONAS' is defined but never used                                                                                                                                                                                                                  no-unused-vars
  Line 4:10:  'getRolCfg' is defined but never used                                                                                                                                                                                                              no-unused-vars
  Line 43:6:  React Hook useEffect has missing dependencies: 'dispatch' and 'showToast'. Either include them or remove the dependency array. If 'dispatch' changes too often, find the parent component that defines it and wrap that definition in useCallback  react-hooks/exhaustive-deps

src\paneles\encargado\Canjes.jsx
  Line 509:35:  'st' is assigned a value but never used  no-unused-vars

src\paneles\encargado\HistorialdeEntregas.jsx
  Line 5:13:    'S' is defined but never used                                           no-unused-vars
  Line 188:17:  Comments inside children section of tag should be placed inside braces  react/jsx-no-comment-textnodes

src\paneles\encargado\Notificaciones.jsx
  Line 2:16:  'Av' is defined but never used  no-unused-vars

src\paneles\encargado\PanelEncargado.jsx
  Line 31:9:  'navigate' is assigned a value but never used  no-unused-vars

[39m[22m

webpack compiled with [1m[33m1 warning[39m[22m
Compiling...
Compiled with warnings.

[eslint] 
src\components\Topbar.jsx
  Line 29:9:  The href attribute requires a valid value to be accessible. Provide a valid, navigable address as the href value. If you cannot provide a valid href, but still need the element to resemble a link, use a button and change it with appropriate styles. Learn more: https://github.com/jsx-eslint/eslint-plugin-jsx-a11y/blob/HEAD/docs/rules/anchor-is-valid.md  jsx-a11y/anchor-is-valid

src\paneles\administrador\Encargados.jsx
  Line 307:13:  'resp' is assigned a value but never used  no-unused-vars

src\paneles\administrador\Usuarios.jsx
  Line 3:10:  'ALL_POINTS' is defined but never used                                                                                                                                                                                                             no-unused-vars
  Line 3:22:  'ZONAS' is defined but never used                                                                                                                                                                                                                  no-unused-vars
  Line 4:10:  'getRolCfg' is defined but never used                                                                                                                                                                                                              no-unused-vars
  Line 43:6:  React Hook useEffect has missing dependencies: 'dispatch' and 'showToast'. Either include them or remove the dependency array. If 'dispatch' changes too often, find the parent component that defines it and wrap that definition in useCallback  react-hooks/exhaustive-deps

src\paneles\encargado\Canjes.jsx
  Line 509:35:  'st' is assigned a value but never used  no-unused-vars

src\paneles\encargado\HistorialdeEntregas.jsx
  Line 5:13:    'S' is defined but never used                                           no-unused-vars
  Line 188:17:  Comments inside children section of tag should be placed inside braces  react/jsx-no-comment-textnodes

src\paneles\encargado\Notificaciones.jsx
  Line 2:16:  'Av' is defined but never used  no-unused-vars

src\paneles\encargado\PanelEncargado.jsx
  Line 31:9:  'navigate' is assigned a value but never used  no-unused-vars

Search for the keywords to learn more about each warning.
To ignore, add // eslint-disable-next-line to the line before.

[1m[33mWARNING[39m[22m in [1m[eslint] 
src\components\Topbar.jsx
  Line 29:9:  The href attribute requires a valid value to be accessible. Provide a valid, navigable address as the href value. If you cannot provide a valid href, but still need the element to resemble a link, use a button and change it with appropriate styles. Learn more: https://github.com/jsx-eslint/eslint-plugin-jsx-a11y/blob/HEAD/docs/rules/anchor-is-valid.md  jsx-a11y/anchor-is-valid

src\paneles\administrador\Encargados.jsx
  Line 307:13:  'resp' is assigned a value but never used  no-unused-vars

src\paneles\administrador\Usuarios.jsx
  Line 3:10:  'ALL_POINTS' is defined but never used                                                                                                                                                                                                             no-unused-vars
  Line 3:22:  'ZONAS' is defined but never used                                                                                                                                                                                                                  no-unused-vars
  Line 4:10:  'getRolCfg' is defined but never used                                                                                                                                                                                                              no-unused-vars
  Line 43:6:  React Hook useEffect has missing dependencies: 'dispatch' and 'showToast'. Either include them or remove the dependency array. If 'dispatch' changes too often, find the parent component that defines it and wrap that definition in useCallback  react-hooks/exhaustive-deps

src\paneles\encargado\Canjes.jsx
  Line 509:35:  'st' is assigned a value but never used  no-unused-vars

src\paneles\encargado\HistorialdeEntregas.jsx
  Line 5:13:    'S' is defined but never used                                           no-unused-vars
  Line 188:17:  Comments inside children section of tag should be placed inside braces  react/jsx-no-comment-textnodes

src\paneles\encargado\Notificaciones.jsx
  Line 2:16:  'Av' is defined but never used  no-unused-vars

src\paneles\encargado\PanelEncargado.jsx
  Line 31:9:  'navigate' is assigned a value but never used  no-unused-vars

[39m[22m

webpack compiled with [1m[33m1 warning[39m[22m
Compiling...
Compiled with warnings.

[eslint] 
src\components\Topbar.jsx
  Line 29:9:  The href attribute requires a valid value to be accessible. Provide a valid, navigable address as the href value. If you cannot provide a valid href, but still need the element to resemble a link, use a button and change it with appropriate styles. Learn more: https://github.com/jsx-eslint/eslint-plugin-jsx-a11y/blob/HEAD/docs/rules/anchor-is-valid.md  jsx-a11y/anchor-is-valid

src\paneles\administrador\Encargados.jsx
  Line 307:13:  'resp' is assigned a value but never used  no-unused-vars

src\paneles\administrador\Materiales.jsx
  Line 13:7:   'COLORES_CANECA' is assigned a value but never used                                                                  no-unused-vars
  Line 33:44:  React Hook useEffect has a missing dependency: 'cargarMateriales'. Either include it or remove the dependency array  react-hooks/exhaustive-deps

src\paneles\administrador\Usuarios.jsx
  Line 3:10:  'ALL_POINTS' is defined but never used                                                                                                                                                                                                             no-unused-vars
  Line 3:22:  'ZONAS' is defined but never used                                                                                                                                                                                                                  no-unused-vars
  Line 4:10:  'getRolCfg' is defined but never used                                                                                                                                                                                                              no-unused-vars
  Line 43:6:  React Hook useEffect has missing dependencies: 'dispatch' and 'showToast'. Either include them or remove the dependency array. If 'dispatch' changes too often, find the parent component that defines it and wrap that definition in useCallback  react-hooks/exhaustive-deps

src\paneles\encargado\Canjes.jsx
  Line 509:35:  'st' is assigned a value but never used  no-unused-vars

src\paneles\encargado\HistorialdeEntregas.jsx
  Line 5:13:    'S' is defined but never used                                           no-unused-vars
  Line 188:17:  Comments inside children section of tag should be placed inside braces  react/jsx-no-comment-textnodes

src\paneles\encargado\Notificaciones.jsx
  Line 2:16:  'Av' is defined but never used  no-unused-vars

src\paneles\encargado\PanelEncargado.jsx
  Line 31:9:  'navigate' is assigned a value but never used  no-unused-vars

Search for the keywords to learn more about each warning.
To ignore, add // eslint-disable-next-line to the line before.

[1m[33mWARNING[39m[22m in [1m[eslint] 
src\components\Topbar.jsx
  Line 29:9:  The href attribute requires a valid value to be accessible. Provide a valid, navigable address as the href value. If you cannot provide a valid href, but still need the element to resemble a link, use a button and change it with appropriate styles. Learn more: https://github.com/jsx-eslint/eslint-plugin-jsx-a11y/blob/HEAD/docs/rules/anchor-is-valid.md  jsx-a11y/anchor-is-valid

src\paneles\administrador\Encargados.jsx
  Line 307:13:  'resp' is assigned a value but never used  no-unused-vars

src\paneles\administrador\Materiales.jsx
  Line 13:7:   'COLORES_CANECA' is assigned a value but never used                                                                  no-unused-vars
  Line 33:44:  React Hook useEffect has a missing dependency: 'cargarMateriales'. Either include it or remove the dependency array  react-hooks/exhaustive-deps

src\paneles\administrador\Usuarios.jsx
  Line 3:10:  'ALL_POINTS' is defined but never used                                                                                                                                                                                                             no-unused-vars
  Line 3:22:  'ZONAS' is defined but never used                                                                                                                                                                                                                  no-unused-vars
  Line 4:10:  'getRolCfg' is defined but never used                                                                                                                                                                                                              no-unused-vars
  Line 43:6:  React Hook useEffect has missing dependencies: 'dispatch' and 'showToast'. Either include them or remove the dependency array. If 'dispatch' changes too often, find the parent component that defines it and wrap that definition in useCallback  react-hooks/exhaustive-deps

src\paneles\encargado\Canjes.jsx
  Line 509:35:  'st' is assigned a value but never used  no-unused-vars

src\paneles\encargado\HistorialdeEntregas.jsx
  Line 5:13:    'S' is defined but never used                                           no-unused-vars
  Line 188:17:  Comments inside children section of tag should be placed inside braces  react/jsx-no-comment-textnodes

src\paneles\encargado\Notificaciones.jsx
  Line 2:16:  'Av' is defined but never used  no-unused-vars

src\paneles\encargado\PanelEncargado.jsx
  Line 31:9:  'navigate' is assigned a value but never used  no-unused-vars

[39m[22m

webpack compiled with [1m[33m1 warning[39m[22m
Compiling...
Compiled with warnings.

[eslint] 
src\components\Topbar.jsx
  Line 29:9:  The href attribute requires a valid value to be accessible. Provide a valid, navigable address as the href value. If you cannot provide a valid href, but still need the element to resemble a link, use a button and change it with appropriate styles. Learn more: https://github.com/jsx-eslint/eslint-plugin-jsx-a11y/blob/HEAD/docs/rules/anchor-is-valid.md  jsx-a11y/anchor-is-valid

src\paneles\administrador\Encargados.jsx
  Line 307:13:  'resp' is assigned a value but never used  no-unused-vars

src\paneles\administrador\Materiales.jsx
  Line 13:7:   'COLORES_CANECA' is assigned a value but never used                                                                  no-unused-vars
  Line 33:44:  React Hook useEffect has a missing dependency: 'cargarMateriales'. Either include it or remove the dependency array  react-hooks/exhaustive-deps

src\paneles\administrador\Recompensas.jsx
  Line 49:34:  React Hook useEffect has a missing dependency: 'cargar'. Either include it or remove the dependency array  react-hooks/exhaustive-deps

src\paneles\administrador\Usuarios.jsx
  Line 3:10:  'ALL_POINTS' is defined but never used                                                                                                                                                                                                             no-unused-vars
  Line 3:22:  'ZONAS' is defined but never used                                                                                                                                                                                                                  no-unused-vars
  Line 4:10:  'getRolCfg' is defined but never used                                                                                                                                                                                                              no-unused-vars
  Line 43:6:  React Hook useEffect has missing dependencies: 'dispatch' and 'showToast'. Either include them or remove the dependency array. If 'dispatch' changes too often, find the parent component that defines it and wrap that definition in useCallback  react-hooks/exhaustive-deps

src\paneles\encargado\Canjes.jsx
  Line 509:35:  'st' is assigned a value but never used  no-unused-vars

src\paneles\encargado\HistorialdeEntregas.jsx
  Line 5:13:    'S' is defined but never used                                           no-unused-vars
  Line 188:17:  Comments inside children section of tag should be placed inside braces  react/jsx-no-comment-textnodes

src\paneles\encargado\Notificaciones.jsx
  Line 2:16:  'Av' is defined but never used  no-unused-vars

src\paneles\encargado\PanelEncargado.jsx
  Line 31:9:  'navigate' is assigned a value but never used  no-unused-vars

Search for the keywords to learn more about each warning.
To ignore, add // eslint-disable-next-line to the line before.

[1m[33mWARNING[39m[22m in [1m[eslint] 
src\components\Topbar.jsx
  Line 29:9:  The href attribute requires a valid value to be accessible. Provide a valid, navigable address as the href value. If you cannot provide a valid href, but still need the element to resemble a link, use a button and change it with appropriate styles. Learn more: https://github.com/jsx-eslint/eslint-plugin-jsx-a11y/blob/HEAD/docs/rules/anchor-is-valid.md  jsx-a11y/anchor-is-valid

src\paneles\administrador\Encargados.jsx
  Line 307:13:  'resp' is assigned a value but never used  no-unused-vars

src\paneles\administrador\Materiales.jsx
  Line 13:7:   'COLORES_CANECA' is assigned a value but never used                                                                  no-unused-vars
  Line 33:44:  React Hook useEffect has a missing dependency: 'cargarMateriales'. Either include it or remove the dependency array  react-hooks/exhaustive-deps

src\paneles\administrador\Recompensas.jsx
  Line 49:34:  React Hook useEffect has a missing dependency: 'cargar'. Either include it or remove the dependency array  react-hooks/exhaustive-deps

src\paneles\administrador\Usuarios.jsx
  Line 3:10:  'ALL_POINTS' is defined but never used                                                                                                                                                                                                             no-unused-vars
  Line 3:22:  'ZONAS' is defined but never used                                                                                                                                                                                                                  no-unused-vars
  Line 4:10:  'getRolCfg' is defined but never used                                                                                                                                                                                                              no-unused-vars
  Line 43:6:  React Hook useEffect has missing dependencies: 'dispatch' and 'showToast'. Either include them or remove the dependency array. If 'dispatch' changes too often, find the parent component that defines it and wrap that definition in useCallback  react-hooks/exhaustive-deps

src\paneles\encargado\Canjes.jsx
  Line 509:35:  'st' is assigned a value but never used  no-unused-vars

src\paneles\encargado\HistorialdeEntregas.jsx
  Line 5:13:    'S' is defined but never used                                           no-unused-vars
  Line 188:17:  Comments inside children section of tag should be placed inside braces  react/jsx-no-comment-textnodes

src\paneles\encargado\Notificaciones.jsx
  Line 2:16:  'Av' is defined but never used  no-unused-vars

src\paneles\encargado\PanelEncargado.jsx
  Line 31:9:  'navigate' is assigned a value but never used  no-unused-vars

[39m[22m

webpack compiled with [1m[33m1 warning[39m[22m
Compiling...
Compiled with warnings.

[eslint] 
src\components\Topbar.jsx
  Line 29:9:  The href attribute requires a valid value to be accessible. Provide a valid, navigable address as the href value. If you cannot provide a valid href, but still need the element to resemble a link, use a button and change it with appropriate styles. Learn more: https://github.com/jsx-eslint/eslint-plugin-jsx-a11y/blob/HEAD/docs/rules/anchor-is-valid.md  jsx-a11y/anchor-is-valid

src\paneles\administrador\Encargados.jsx
  Line 307:13:  'resp' is assigned a value but never used  no-unused-vars

src\paneles\administrador\Materiales.jsx
  Line 13:7:   'COLORES_CANECA' is assigned a value but never used                                                                  no-unused-vars
  Line 33:44:  React Hook useEffect has a missing dependency: 'cargarMateriales'. Either include it or remove the dependency array  react-hooks/exhaustive-deps

src\paneles\administrador\Perfil.jsx
  Line 71:9:   'totalEntregas' is assigned a value but never used  no-unused-vars
  Line 73:9:   'totalKg' is assigned a value but never used        no-unused-vars
  Line 75:9:   'canjes' is assigned a value but never used         no-unused-vars
  Line 89:13:  'usuario' is assigned a value but never used        no-unused-vars

src\paneles\administrador\Recompensas.jsx
  Line 49:34:  React Hook useEffect has a missing dependency: 'cargar'. Either include it or remove the dependency array  react-hooks/exhaustive-deps

src\paneles\administrador\Usuarios.jsx
  Line 3:10:  'ALL_POINTS' is defined but never used                                                                                                                                                                                                             no-unused-vars
  Line 3:22:  'ZONAS' is defined but never used                                                                                                                                                                                                                  no-unused-vars
  Line 4:10:  'getRolCfg' is defined but never used                                                                                                                                                                                                              no-unused-vars
  Line 43:6:  React Hook useEffect has missing dependencies: 'dispatch' and 'showToast'. Either include them or remove the dependency array. If 'dispatch' changes too often, find the parent component that defines it and wrap that definition in useCallback  react-hooks/exhaustive-deps

src\paneles\encargado\Canjes.jsx
  Line 509:35:  'st' is assigned a value but never used  no-unused-vars

src\paneles\encargado\HistorialdeEntregas.jsx
  Line 5:13:    'S' is defined but never used                                           no-unused-vars
  Line 188:17:  Comments inside children section of tag should be placed inside braces  react/jsx-no-comment-textnodes

src\paneles\encargado\Notificaciones.jsx
  Line 2:16:  'Av' is defined but never used  no-unused-vars

src\paneles\encargado\PanelEncargado.jsx
  Line 31:9:  'navigate' is assigned a value but never used  no-unused-vars

Search for the keywords to learn more about each warning.
To ignore, add // eslint-disable-next-line to the line before.

[1m[33mWARNING[39m[22m in [1m[eslint] 
src\components\Topbar.jsx
  Line 29:9:  The href attribute requires a valid value to be accessible. Provide a valid, navigable address as the href value. If you cannot provide a valid href, but still need the element to resemble a link, use a button and change it with appropriate styles. Learn more: https://github.com/jsx-eslint/eslint-plugin-jsx-a11y/blob/HEAD/docs/rules/anchor-is-valid.md  jsx-a11y/anchor-is-valid

src\paneles\administrador\Encargados.jsx
  Line 307:13:  'resp' is assigned a value but never used  no-unused-vars

src\paneles\administrador\Materiales.jsx
  Line 13:7:   'COLORES_CANECA' is assigned a value but never used                                                                  no-unused-vars
  Line 33:44:  React Hook useEffect has a missing dependency: 'cargarMateriales'. Either include it or remove the dependency array  react-hooks/exhaustive-deps

src\paneles\administrador\Perfil.jsx
  Line 71:9:   'totalEntregas' is assigned a value but never used  no-unused-vars
  Line 73:9:   'totalKg' is assigned a value but never used        no-unused-vars
  Line 75:9:   'canjes' is assigned a value but never used         no-unused-vars
  Line 89:13:  'usuario' is assigned a value but never used        no-unused-vars

src\paneles\administrador\Recompensas.jsx
  Line 49:34:  React Hook useEffect has a missing dependency: 'cargar'. Either include it or remove the dependency array  react-hooks/exhaustive-deps

src\paneles\administrador\Usuarios.jsx
  Line 3:10:  'ALL_POINTS' is defined but never used                                                                                                                                                                                                             no-unused-vars
  Line 3:22:  'ZONAS' is defined but never used                                                                                                                                                                                                                  no-unused-vars
  Line 4:10:  'getRolCfg' is defined but never used                                                                                                                                                                                                              no-unused-vars
  Line 43:6:  React Hook useEffect has missing dependencies: 'dispatch' and 'showToast'. Either include them or remove the dependency array. If 'dispatch' changes too often, find the parent component that defines it and wrap that definition in useCallback  react-hooks/exhaustive-deps

src\paneles\encargado\Canjes.jsx
  Line 509:35:  'st' is assigned a value but never used  no-unused-vars

src\paneles\encargado\HistorialdeEntregas.jsx
  Line 5:13:    'S' is defined but never used                                           no-unused-vars
  Line 188:17:  Comments inside children section of tag should be placed inside braces  react/jsx-no-comment-textnodes

src\paneles\encargado\Notificaciones.jsx
  Line 2:16:  'Av' is defined but never used  no-unused-vars

src\paneles\encargado\PanelEncargado.jsx
  Line 31:9:  'navigate' is assigned a value but never used  no-unused-vars

[39m[22m

webpack compiled with [1m[33m1 warning[39m[22m
Compiling...
Failed to compile.

[eslint] 
src\paneles\superadmin\PanelSuperadmin.jsx
  Line 40:62:  'Recompensas' is not defined  react/jsx-no-undef

Search for the keywords to learn more about each error.
[1m[33mWARNING[39m[22m in [1m[eslint] 
src\components\Topbar.jsx
  Line 29:9:  The href attribute requires a valid value to be accessible. Provide a valid, navigable address as the href value. If you cannot provide a valid href, but still need the element to resemble a link, use a button and change it with appropriate styles. Learn more: https://github.com/jsx-eslint/eslint-plugin-jsx-a11y/blob/HEAD/docs/rules/anchor-is-valid.md  jsx-a11y/anchor-is-valid

src\paneles\administrador\Encargados.jsx
  Line 307:13:  'resp' is assigned a value but never used  no-unused-vars

src\paneles\administrador\Materiales.jsx
  Line 13:7:   'COLORES_CANECA' is assigned a value but never used                                                                  no-unused-vars
  Line 33:44:  React Hook useEffect has a missing dependency: 'cargarMateriales'. Either include it or remove the dependency array  react-hooks/exhaustive-deps

src\paneles\administrador\Perfil.jsx
  Line 71:9:   'totalEntregas' is assigned a value but never used  no-unused-vars
  Line 73:9:   'totalKg' is assigned a value but never used        no-unused-vars
  Line 75:9:   'canjes' is assigned a value but never used         no-unused-vars
  Line 89:13:  'usuario' is assigned a value but never used        no-unused-vars

src\paneles\administrador\Recompensas.jsx
  Line 49:34:  React Hook useEffect has a missing dependency: 'cargar'. Either include it or remove the dependency array  react-hooks/exhaustive-deps

src\paneles\administrador\Usuarios.jsx
  Line 3:10:  'ALL_POINTS' is defined but never used                                                                                                                                                                                                             no-unused-vars
  Line 3:22:  'ZONAS' is defined but never used                                                                                                                                                                                                                  no-unused-vars
  Line 4:10:  'getRolCfg' is defined but never used                                                                                                                                                                                                              no-unused-vars
  Line 43:6:  React Hook useEffect has missing dependencies: 'dispatch' and 'showToast'. Either include them or remove the dependency array. If 'dispatch' changes too often, find the parent component that defines it and wrap that definition in useCallback  react-hooks/exhaustive-deps

src\paneles\encargado\Canjes.jsx
  Line 509:35:  'st' is assigned a value but never used  no-unused-vars

src\paneles\encargado\HistorialdeEntregas.jsx
  Line 5:13:    'S' is defined but never used                                           no-unused-vars
  Line 188:17:  Comments inside children section of tag should be placed inside braces  react/jsx-no-comment-textnodes

src\paneles\encargado\Notificaciones.jsx
  Line 2:16:  'Av' is defined but never used  no-unused-vars

src\paneles\encargado\PanelEncargado.jsx
  Line 31:9:  'navigate' is assigned a value but never used  no-unused-vars

[39m[22m

[1m[31mERROR[39m[22m in [1m[eslint] 
src\paneles\superadmin\PanelSuperadmin.jsx
  Line 40:62:  'Recompensas' is not defined  react/jsx-no-undef

Search for the keywords to learn more about each [1m[31merror[39m[22m[1m.[39m[22m

webpack compiled with [1m[31m1 error[39m[22m and [1m[33m1 warning[39m[22m
Compiling...
Compiled with warnings.

[eslint] 
src\components\Topbar.jsx
  Line 29:9:  The href attribute requires a valid value to be accessible. Provide a valid, navigable address as the href value. If you cannot provide a valid href, but still need the element to resemble a link, use a button and change it with appropriate styles. Learn more: https://github.com/jsx-eslint/eslint-plugin-jsx-a11y/blob/HEAD/docs/rules/anchor-is-valid.md  jsx-a11y/anchor-is-valid

src\paneles\administrador\Encargados.jsx
  Line 307:13:  'resp' is assigned a value but never used  no-unused-vars

src\paneles\administrador\Materiales.jsx
  Line 13:7:   'COLORES_CANECA' is assigned a value but never used                                                                  no-unused-vars
  Line 33:44:  React Hook useEffect has a missing dependency: 'cargarMateriales'. Either include it or remove the dependency array  react-hooks/exhaustive-deps

src\paneles\administrador\Perfil.jsx
  Line 71:9:   'totalEntregas' is assigned a value but never used  no-unused-vars
  Line 73:9:   'totalKg' is assigned a value but never used        no-unused-vars
  Line 75:9:   'canjes' is assigned a value but never used         no-unused-vars
  Line 89:13:  'usuario' is assigned a value but never used        no-unused-vars

src\paneles\administrador\Recompensas.jsx
  Line 49:34:  React Hook useEffect has a missing dependency: 'cargar'. Either include it or remove the dependency array  react-hooks/exhaustive-deps

src\paneles\administrador\Usuarios.jsx
  Line 3:10:  'ALL_POINTS' is defined but never used                                                                                                                                                                                                             no-unused-vars
  Line 3:22:  'ZONAS' is defined but never used                                                                                                                                                                                                                  no-unused-vars
  Line 4:10:  'getRolCfg' is defined but never used                                                                                                                                                                                                              no-unused-vars
  Line 43:6:  React Hook useEffect has missing dependencies: 'dispatch' and 'showToast'. Either include them or remove the dependency array. If 'dispatch' changes too often, find the parent component that defines it and wrap that definition in useCallback  react-hooks/exhaustive-deps

src\paneles\encargado\Canjes.jsx
  Line 509:35:  'st' is assigned a value but never used  no-unused-vars

src\paneles\encargado\HistorialdeEntregas.jsx
  Line 5:13:    'S' is defined but never used                                           no-unused-vars
  Line 188:17:  Comments inside children section of tag should be placed inside braces  react/jsx-no-comment-textnodes

src\paneles\encargado\Notificaciones.jsx
  Line 2:16:  'Av' is defined but never used  no-unused-vars

src\paneles\encargado\PanelEncargado.jsx
  Line 31:9:  'navigate' is assigned a value but never used  no-unused-vars

Search for the keywords to learn more about each warning.
To ignore, add // eslint-disable-next-line to the line before.

[1m[33mWARNING[39m[22m in [1m[eslint] 
src\components\Topbar.jsx
  Line 29:9:  The href attribute requires a valid value to be accessible. Provide a valid, navigable address as the href value. If you cannot provide a valid href, but still need the element to resemble a link, use a button and change it with appropriate styles. Learn more: https://github.com/jsx-eslint/eslint-plugin-jsx-a11y/blob/HEAD/docs/rules/anchor-is-valid.md  jsx-a11y/anchor-is-valid

src\paneles\administrador\Encargados.jsx
  Line 307:13:  'resp' is assigned a value but never used  no-unused-vars

src\paneles\administrador\Materiales.jsx
  Line 13:7:   'COLORES_CANECA' is assigned a value but never used                                                                  no-unused-vars
  Line 33:44:  React Hook useEffect has a missing dependency: 'cargarMateriales'. Either include it or remove the dependency array  react-hooks/exhaustive-deps

src\paneles\administrador\Perfil.jsx
  Line 71:9:   'totalEntregas' is assigned a value but never used  no-unused-vars
  Line 73:9:   'totalKg' is assigned a value but never used        no-unused-vars
  Line 75:9:   'canjes' is assigned a value but never used         no-unused-vars
  Line 89:13:  'usuario' is assigned a value but never used        no-unused-vars

src\paneles\administrador\Recompensas.jsx
  Line 49:34:  React Hook useEffect has a missing dependency: 'cargar'. Either include it or remove the dependency array  react-hooks/exhaustive-deps

src\paneles\administrador\Usuarios.jsx
  Line 3:10:  'ALL_POINTS' is defined but never used                                                                                                                                                                                                             no-unused-vars
  Line 3:22:  'ZONAS' is defined but never used                                                                                                                                                                                                                  no-unused-vars
  Line 4:10:  'getRolCfg' is defined but never used                                                                                                                                                                                                              no-unused-vars
  Line 43:6:  React Hook useEffect has missing dependencies: 'dispatch' and 'showToast'. Either include them or remove the dependency array. If 'dispatch' changes too often, find the parent component that defines it and wrap that definition in useCallback  react-hooks/exhaustive-deps

src\paneles\encargado\Canjes.jsx
  Line 509:35:  'st' is assigned a value but never used  no-unused-vars

src\paneles\encargado\HistorialdeEntregas.jsx
  Line 5:13:    'S' is defined but never used                                           no-unused-vars
  Line 188:17:  Comments inside children section of tag should be placed inside braces  react/jsx-no-comment-textnodes

src\paneles\encargado\Notificaciones.jsx
  Line 2:16:  'Av' is defined but never used  no-unused-vars

src\paneles\encargado\PanelEncargado.jsx
  Line 31:9:  'navigate' is assigned a value but never used  no-unused-vars

[39m[22m

webpack compiled with [1m[33m1 warning[39m[22m
Compiling...
Compiled with warnings.

[eslint] 
src\components\Topbar.jsx
  Line 29:9:  The href attribute requires a valid value to be accessible. Provide a valid, navigable address as the href value. If you cannot provide a valid href, but still need the element to resemble a link, use a button and change it with appropriate styles. Learn more: https://github.com/jsx-eslint/eslint-plugin-jsx-a11y/blob/HEAD/docs/rules/anchor-is-valid.md  jsx-a11y/anchor-is-valid

src\paneles\administrador\Encargados.jsx
  Line 307:13:  'resp' is assigned a value but never used  no-unused-vars

src\paneles\administrador\Materiales.jsx
  Line 13:7:   'COLORES_CANECA' is assigned a value but never used                                                                  no-unused-vars
  Line 33:44:  React Hook useEffect has a missing dependency: 'cargarMateriales'. Either include it or remove the dependency array  react-hooks/exhaustive-deps

src\paneles\administrador\Perfil.jsx
  Line 71:9:   'totalEntregas' is assigned a value but never used  no-unused-vars
  Line 73:9:   'totalKg' is assigned a value but never used        no-unused-vars
  Line 75:9:   'canjes' is assigned a value but never used         no-unused-vars
  Line 89:13:  'usuario' is assigned a value but never used        no-unused-vars

src\paneles\administrador\Recompensas.jsx
  Line 49:34:  React Hook useEffect has a missing dependency: 'cargar'. Either include it or remove the dependency array  react-hooks/exhaustive-deps

src\paneles\administrador\Usuarios.jsx
  Line 3:10:  'ALL_POINTS' is defined but never used                                                                                                                                                                                                             no-unused-vars
  Line 3:22:  'ZONAS' is defined but never used                                                                                                                                                                                                                  no-unused-vars
  Line 4:10:  'getRolCfg' is defined but never used                                                                                                                                                                                                              no-unused-vars
  Line 43:6:  React Hook useEffect has missing dependencies: 'dispatch' and 'showToast'. Either include them or remove the dependency array. If 'dispatch' changes too often, find the parent component that defines it and wrap that definition in useCallback  react-hooks/exhaustive-deps

src\paneles\encargado\Canjes.jsx
  Line 509:35:  'st' is assigned a value but never used  no-unused-vars

src\paneles\encargado\HistorialdeEntregas.jsx
  Line 5:13:    'S' is defined but never used                                           no-unused-vars
  Line 188:17:  Comments inside children section of tag should be placed inside braces  react/jsx-no-comment-textnodes

src\paneles\encargado\Notificaciones.jsx
  Line 2:16:  'Av' is defined but never used  no-unused-vars

src\paneles\encargado\PanelEncargado.jsx
  Line 31:9:  'navigate' is assigned a value but never used  no-unused-vars

src\paneles\superadmin\Sidebar.jsx
  Line 34:9:  'handleLogout' is assigned a value but never used  no-unused-vars

Search for the keywords to learn more about each warning.
To ignore, add // eslint-disable-next-line to the line before.

[1m[33mWARNING[39m[22m in [1m[eslint] 
src\components\Topbar.jsx
  Line 29:9:  The href attribute requires a valid value to be accessible. Provide a valid, navigable address as the href value. If you cannot provide a valid href, but still need the element to resemble a link, use a button and change it with appropriate styles. Learn more: https://github.com/jsx-eslint/eslint-plugin-jsx-a11y/blob/HEAD/docs/rules/anchor-is-valid.md  jsx-a11y/anchor-is-valid

src\paneles\administrador\Encargados.jsx
  Line 307:13:  'resp' is assigned a value but never used  no-unused-vars

src\paneles\administrador\Materiales.jsx
  Line 13:7:   'COLORES_CANECA' is assigned a value but never used                                                                  no-unused-vars
  Line 33:44:  React Hook useEffect has a missing dependency: 'cargarMateriales'. Either include it or remove the dependency array  react-hooks/exhaustive-deps

src\paneles\administrador\Perfil.jsx
  Line 71:9:   'totalEntregas' is assigned a value but never used  no-unused-vars
  Line 73:9:   'totalKg' is assigned a value but never used        no-unused-vars
  Line 75:9:   'canjes' is assigned a value but never used         no-unused-vars
  Line 89:13:  'usuario' is assigned a value but never used        no-unused-vars

src\paneles\administrador\Recompensas.jsx
  Line 49:34:  React Hook useEffect has a missing dependency: 'cargar'. Either include it or remove the dependency array  react-hooks/exhaustive-deps

src\paneles\administrador\Usuarios.jsx
  Line 3:10:  'ALL_POINTS' is defined but never used                                                                                                                                                                                                             no-unused-vars
  Line 3:22:  'ZONAS' is defined but never used                                                                                                                                                                                                                  no-unused-vars
  Line 4:10:  'getRolCfg' is defined but never used                                                                                                                                                                                                              no-unused-vars
  Line 43:6:  React Hook useEffect has missing dependencies: 'dispatch' and 'showToast'. Either include them or remove the dependency array. If 'dispatch' changes too often, find the parent component that defines it and wrap that definition in useCallback  react-hooks/exhaustive-deps

src\paneles\encargado\Canjes.jsx
  Line 509:35:  'st' is assigned a value but never used  no-unused-vars

src\paneles\encargado\HistorialdeEntregas.jsx
  Line 5:13:    'S' is defined but never used                                           no-unused-vars
  Line 188:17:  Comments inside children section of tag should be placed inside braces  react/jsx-no-comment-textnodes

src\paneles\encargado\Notificaciones.jsx
  Line 2:16:  'Av' is defined but never used  no-unused-vars

src\paneles\encargado\PanelEncargado.jsx
  Line 31:9:  'navigate' is assigned a value but never used  no-unused-vars

src\paneles\superadmin\Sidebar.jsx
  Line 34:9:  'handleLogout' is assigned a value but never used  no-unused-vars

[39m[22m

webpack compiled with [1m[33m1 warning[39m[22m
Compiling...
Compiled with warnings.

[eslint] 
src\components\Topbar.jsx
  Line 29:9:  The href attribute requires a valid value to be accessible. Provide a valid, navigable address as the href value. If you cannot provide a valid href, but still need the element to resemble a link, use a button and change it with appropriate styles. Learn more: https://github.com/jsx-eslint/eslint-plugin-jsx-a11y/blob/HEAD/docs/rules/anchor-is-valid.md  jsx-a11y/anchor-is-valid

src\paneles\administrador\Encargados.jsx
  Line 307:13:  'resp' is assigned a value but never used  no-unused-vars

src\paneles\administrador\Materiales.jsx
  Line 13:7:   'COLORES_CANECA' is assigned a value but never used                                                                  no-unused-vars
  Line 33:44:  React Hook useEffect has a missing dependency: 'cargarMateriales'. Either include it or remove the dependency array  react-hooks/exhaustive-deps

src\paneles\administrador\Perfil.jsx
  Line 71:9:   'totalEntregas' is assigned a value but never used  no-unused-vars
  Line 73:9:   'totalKg' is assigned a value but never used        no-unused-vars
  Line 75:9:   'canjes' is assigned a value but never used         no-unused-vars
  Line 89:13:  'usuario' is assigned a value but never used        no-unused-vars

src\paneles\administrador\Recompensas.jsx
  Line 49:34:  React Hook useEffect has a missing dependency: 'cargar'. Either include it or remove the dependency array  react-hooks/exhaustive-deps

src\paneles\administrador\Usuarios.jsx
  Line 3:10:  'ALL_POINTS' is defined but never used                                                                                                                                                                                                             no-unused-vars
  Line 3:22:  'ZONAS' is defined but never used                                                                                                                                                                                                                  no-unused-vars
  Line 4:10:  'getRolCfg' is defined but never used                                                                                                                                                                                                              no-unused-vars
  Line 43:6:  React Hook useEffect has missing dependencies: 'dispatch' and 'showToast'. Either include them or remove the dependency array. If 'dispatch' changes too often, find the parent component that defines it and wrap that definition in useCallback  react-hooks/exhaustive-deps

src\paneles\encargado\Canjes.jsx
  Line 509:35:  'st' is assigned a value but never used  no-unused-vars

src\paneles\encargado\HistorialdeEntregas.jsx
  Line 5:13:    'S' is defined but never used                                           no-unused-vars
  Line 188:17:  Comments inside children section of tag should be placed inside braces  react/jsx-no-comment-textnodes

src\paneles\encargado\Notificaciones.jsx
  Line 2:16:  'Av' is defined but never used  no-unused-vars

src\paneles\encargado\PanelEncargado.jsx
  Line 31:9:  'navigate' is assigned a value but never used  no-unused-vars

src\paneles\superadmin\Sidebar.jsx
  Line 34:9:  'handleLogout' is assigned a value but never used  no-unused-vars

Search for the keywords to learn more about each warning.
To ignore, add // eslint-disable-next-line to the line before.

[1m[33mWARNING[39m[22m in [1m[eslint] 
src\components\Topbar.jsx
  Line 29:9:  The href attribute requires a valid value to be accessible. Provide a valid, navigable address as the href value. If you cannot provide a valid href, but still need the element to resemble a link, use a button and change it with appropriate styles. Learn more: https://github.com/jsx-eslint/eslint-plugin-jsx-a11y/blob/HEAD/docs/rules/anchor-is-valid.md  jsx-a11y/anchor-is-valid

src\paneles\administrador\Encargados.jsx
  Line 307:13:  'resp' is assigned a value but never used  no-unused-vars

src\paneles\administrador\Materiales.jsx
  Line 13:7:   'COLORES_CANECA' is assigned a value but never used                                                                  no-unused-vars
  Line 33:44:  React Hook useEffect has a missing dependency: 'cargarMateriales'. Either include it or remove the dependency array  react-hooks/exhaustive-deps

src\paneles\administrador\Perfil.jsx
  Line 71:9:   'totalEntregas' is assigned a value but never used  no-unused-vars
  Line 73:9:   'totalKg' is assigned a value but never used        no-unused-vars
  Line 75:9:   'canjes' is assigned a value but never used         no-unused-vars
  Line 89:13:  'usuario' is assigned a value but never used        no-unused-vars

src\paneles\administrador\Recompensas.jsx
  Line 49:34:  React Hook useEffect has a missing dependency: 'cargar'. Either include it or remove the dependency array  react-hooks/exhaustive-deps

src\paneles\administrador\Usuarios.jsx
  Line 3:10:  'ALL_POINTS' is defined but never used                                                                                                                                                                                                             no-unused-vars
  Line 3:22:  'ZONAS' is defined but never used                                                                                                                                                                                                                  no-unused-vars
  Line 4:10:  'getRolCfg' is defined but never used                                                                                                                                                                                                              no-unused-vars
  Line 43:6:  React Hook useEffect has missing dependencies: 'dispatch' and 'showToast'. Either include them or remove the dependency array. If 'dispatch' changes too often, find the parent component that defines it and wrap that definition in useCallback  react-hooks/exhaustive-deps

src\paneles\encargado\Canjes.jsx
  Line 509:35:  'st' is assigned a value but never used  no-unused-vars

src\paneles\encargado\HistorialdeEntregas.jsx
  Line 5:13:    'S' is defined but never used                                           no-unused-vars
  Line 188:17:  Comments inside children section of tag should be placed inside braces  react/jsx-no-comment-textnodes

src\paneles\encargado\Notificaciones.jsx
  Line 2:16:  'Av' is defined but never used  no-unused-vars

src\paneles\encargado\PanelEncargado.jsx
  Line 31:9:  'navigate' is assigned a value but never used  no-unused-vars

src\paneles\superadmin\Sidebar.jsx
  Line 34:9:  'handleLogout' is assigned a value but never used  no-unused-vars

[39m[22m

webpack compiled with [1m[33m1 warning[39m[22m
Compiling...
Compiled with warnings.

[eslint] 
src\components\Topbar.jsx
  Line 29:9:  The href attribute requires a valid value to be accessible. Provide a valid, navigable address as the href value. If you cannot provide a valid href, but still need the element to resemble a link, use a button and change it with appropriate styles. Learn more: https://github.com/jsx-eslint/eslint-plugin-jsx-a11y/blob/HEAD/docs/rules/anchor-is-valid.md  jsx-a11y/anchor-is-valid

src\paneles\administrador\Encargados.jsx
  Line 307:13:  'resp' is assigned a value but never used  no-unused-vars

src\paneles\administrador\Materiales.jsx
  Line 13:7:   'COLORES_CANECA' is assigned a value but never used                                                                  no-unused-vars
  Line 33:44:  React Hook useEffect has a missing dependency: 'cargarMateriales'. Either include it or remove the dependency array  react-hooks/exhaustive-deps

src\paneles\administrador\Perfil.jsx
  Line 71:9:   'totalEntregas' is assigned a value but never used  no-unused-vars
  Line 73:9:   'totalKg' is assigned a value but never used        no-unused-vars
  Line 75:9:   'canjes' is assigned a value but never used         no-unused-vars
  Line 89:13:  'usuario' is assigned a value but never used        no-unused-vars

src\paneles\administrador\Recompensas.jsx
  Line 49:34:  React Hook useEffect has a missing dependency: 'cargar'. Either include it or remove the dependency array  react-hooks/exhaustive-deps

src\paneles\administrador\Usuarios.jsx
  Line 3:10:  'ALL_POINTS' is defined but never used                                                                                                                                                                                                             no-unused-vars
  Line 3:22:  'ZONAS' is defined but never used                                                                                                                                                                                                                  no-unused-vars
  Line 4:10:  'getRolCfg' is defined but never used                                                                                                                                                                                                              no-unused-vars
  Line 43:6:  React Hook useEffect has missing dependencies: 'dispatch' and 'showToast'. Either include them or remove the dependency array. If 'dispatch' changes too often, find the parent component that defines it and wrap that definition in useCallback  react-hooks/exhaustive-deps

src\paneles\encargado\Canjes.jsx
  Line 509:35:  'st' is assigned a value but never used  no-unused-vars

src\paneles\encargado\HistorialdeEntregas.jsx
  Line 5:13:    'S' is defined but never used                                           no-unused-vars
  Line 188:17:  Comments inside children section of tag should be placed inside braces  react/jsx-no-comment-textnodes

src\paneles\encargado\Notificaciones.jsx
  Line 2:16:  'Av' is defined but never used  no-unused-vars

src\paneles\encargado\PanelEncargado.jsx
  Line 31:9:  'navigate' is assigned a value but never used  no-unused-vars

src\paneles\superadmin\Sidebar.jsx
  Line 34:9:  'handleLogout' is assigned a value but never used  no-unused-vars

Search for the keywords to learn more about each warning.
To ignore, add // eslint-disable-next-line to the line before.

[1m[33mWARNING[39m[22m in [1m[eslint] 
src\components\Topbar.jsx
  Line 29:9:  The href attribute requires a valid value to be accessible. Provide a valid, navigable address as the href value. If you cannot provide a valid href, but still need the element to resemble a link, use a button and change it with appropriate styles. Learn more: https://github.com/jsx-eslint/eslint-plugin-jsx-a11y/blob/HEAD/docs/rules/anchor-is-valid.md  jsx-a11y/anchor-is-valid

src\paneles\administrador\Encargados.jsx
  Line 307:13:  'resp' is assigned a value but never used  no-unused-vars

src\paneles\administrador\Materiales.jsx
  Line 13:7:   'COLORES_CANECA' is assigned a value but never used                                                                  no-unused-vars
  Line 33:44:  React Hook useEffect has a missing dependency: 'cargarMateriales'. Either include it or remove the dependency array  react-hooks/exhaustive-deps

src\paneles\administrador\Perfil.jsx
  Line 71:9:   'totalEntregas' is assigned a value but never used  no-unused-vars
  Line 73:9:   'totalKg' is assigned a value but never used        no-unused-vars
  Line 75:9:   'canjes' is assigned a value but never used         no-unused-vars
  Line 89:13:  'usuario' is assigned a value but never used        no-unused-vars

src\paneles\administrador\Recompensas.jsx
  Line 49:34:  React Hook useEffect has a missing dependency: 'cargar'. Either include it or remove the dependency array  react-hooks/exhaustive-deps

src\paneles\administrador\Usuarios.jsx
  Line 3:10:  'ALL_POINTS' is defined but never used                                                                                                                                                                                                             no-unused-vars
  Line 3:22:  'ZONAS' is defined but never used                                                                                                                                                                                                                  no-unused-vars
  Line 4:10:  'getRolCfg' is defined but never used                                                                                                                                                                                                              no-unused-vars
  Line 43:6:  React Hook useEffect has missing dependencies: 'dispatch' and 'showToast'. Either include them or remove the dependency array. If 'dispatch' changes too often, find the parent component that defines it and wrap that definition in useCallback  react-hooks/exhaustive-deps

src\paneles\encargado\Canjes.jsx
  Line 509:35:  'st' is assigned a value but never used  no-unused-vars

src\paneles\encargado\HistorialdeEntregas.jsx
  Line 5:13:    'S' is defined but never used                                           no-unused-vars
  Line 188:17:  Comments inside children section of tag should be placed inside braces  react/jsx-no-comment-textnodes

src\paneles\encargado\Notificaciones.jsx
  Line 2:16:  'Av' is defined but never used  no-unused-vars

src\paneles\encargado\PanelEncargado.jsx
  Line 31:9:  'navigate' is assigned a value but never used  no-unused-vars

src\paneles\superadmin\Sidebar.jsx
  Line 34:9:  'handleLogout' is assigned a value but never used  no-unused-vars

[39m[22m

webpack compiled with [1m[33m1 warning[39m[22m
Compiling...
Compiled with warnings.

[eslint] 
src\components\Topbar.jsx
  Line 29:9:  The href attribute requires a valid value to be accessible. Provide a valid, navigable address as the href value. If you cannot provide a valid href, but still need the element to resemble a link, use a button and change it with appropriate styles. Learn more: https://github.com/jsx-eslint/eslint-plugin-jsx-a11y/blob/HEAD/docs/rules/anchor-is-valid.md  jsx-a11y/anchor-is-valid

src\paneles\administrador\Encargados.jsx
  Line 307:13:  'resp' is assigned a value but never used  no-unused-vars

src\paneles\administrador\Materiales.jsx
  Line 13:7:   'COLORES_CANECA' is assigned a value but never used                                                                  no-unused-vars
  Line 33:44:  React Hook useEffect has a missing dependency: 'cargarMateriales'. Either include it or remove the dependency array  react-hooks/exhaustive-deps

src\paneles\administrador\Perfil.jsx
  Line 71:9:   'totalEntregas' is assigned a value but never used  no-unused-vars
  Line 73:9:   'totalKg' is assigned a value but never used        no-unused-vars
  Line 75:9:   'canjes' is assigned a value but never used         no-unused-vars
  Line 89:13:  'usuario' is assigned a value but never used        no-unused-vars

src\paneles\administrador\Recompensas.jsx
  Line 49:34:  React Hook useEffect has a missing dependency: 'cargar'. Either include it or remove the dependency array  react-hooks/exhaustive-deps

src\paneles\administrador\Usuarios.jsx
  Line 3:10:  'ALL_POINTS' is defined but never used                                                                                                                                                                                                             no-unused-vars
  Line 3:22:  'ZONAS' is defined but never used                                                                                                                                                                                                                  no-unused-vars
  Line 4:10:  'getRolCfg' is defined but never used                                                                                                                                                                                                              no-unused-vars
  Line 43:6:  React Hook useEffect has missing dependencies: 'dispatch' and 'showToast'. Either include them or remove the dependency array. If 'dispatch' changes too often, find the parent component that defines it and wrap that definition in useCallback  react-hooks/exhaustive-deps

src\paneles\encargado\Canjes.jsx
  Line 509:35:  'st' is assigned a value but never used  no-unused-vars

src\paneles\encargado\HistorialdeEntregas.jsx
  Line 5:13:    'S' is defined but never used                                           no-unused-vars
  Line 188:17:  Comments inside children section of tag should be placed inside braces  react/jsx-no-comment-textnodes

src\paneles\encargado\Notificaciones.jsx
  Line 2:16:  'Av' is defined but never used  no-unused-vars

src\paneles\encargado\PanelEncargado.jsx
  Line 31:9:  'navigate' is assigned a value but never used  no-unused-vars

src\paneles\superadmin\Sidebar.jsx
  Line 34:9:  'handleLogout' is assigned a value but never used  no-unused-vars

Search for the keywords to learn more about each warning.
To ignore, add // eslint-disable-next-line to the line before.

[1m[33mWARNING[39m[22m in [1m[eslint] 
src\components\Topbar.jsx
  Line 29:9:  The href attribute requires a valid value to be accessible. Provide a valid, navigable address as the href value. If you cannot provide a valid href, but still need the element to resemble a link, use a button and change it with appropriate styles. Learn more: https://github.com/jsx-eslint/eslint-plugin-jsx-a11y/blob/HEAD/docs/rules/anchor-is-valid.md  jsx-a11y/anchor-is-valid

src\paneles\administrador\Encargados.jsx
  Line 307:13:  'resp' is assigned a value but never used  no-unused-vars

src\paneles\administrador\Materiales.jsx
  Line 13:7:   'COLORES_CANECA' is assigned a value but never used                                                                  no-unused-vars
  Line 33:44:  React Hook useEffect has a missing dependency: 'cargarMateriales'. Either include it or remove the dependency array  react-hooks/exhaustive-deps

src\paneles\administrador\Perfil.jsx
  Line 71:9:   'totalEntregas' is assigned a value but never used  no-unused-vars
  Line 73:9:   'totalKg' is assigned a value but never used        no-unused-vars
  Line 75:9:   'canjes' is assigned a value but never used         no-unused-vars
  Line 89:13:  'usuario' is assigned a value but never used        no-unused-vars

src\paneles\administrador\Recompensas.jsx
  Line 49:34:  React Hook useEffect has a missing dependency: 'cargar'. Either include it or remove the dependency array  react-hooks/exhaustive-deps

src\paneles\administrador\Usuarios.jsx
  Line 3:10:  'ALL_POINTS' is defined but never used                                                                                                                                                                                                             no-unused-vars
  Line 3:22:  'ZONAS' is defined but never used                                                                                                                                                                                                                  no-unused-vars
  Line 4:10:  'getRolCfg' is defined but never used                                                                                                                                                                                                              no-unused-vars
  Line 43:6:  React Hook useEffect has missing dependencies: 'dispatch' and 'showToast'. Either include them or remove the dependency array. If 'dispatch' changes too often, find the parent component that defines it and wrap that definition in useCallback  react-hooks/exhaustive-deps

src\paneles\encargado\Canjes.jsx
  Line 509:35:  'st' is assigned a value but never used  no-unused-vars

src\paneles\encargado\HistorialdeEntregas.jsx
  Line 5:13:    'S' is defined but never used                                           no-unused-vars
  Line 188:17:  Comments inside children section of tag should be placed inside braces  react/jsx-no-comment-textnodes

src\paneles\encargado\Notificaciones.jsx
  Line 2:16:  'Av' is defined but never used  no-unused-vars

src\paneles\encargado\PanelEncargado.jsx
  Line 31:9:  'navigate' is assigned a value but never used  no-unused-vars

src\paneles\superadmin\Sidebar.jsx
  Line 34:9:  'handleLogout' is assigned a value but never used  no-unused-vars

[39m[22m

webpack compiled with [1m[33m1 warning[39m[22m
Compiling...
Compiled with warnings.

[eslint] 
src\components\Topbar.jsx
  Line 29:9:  The href attribute requires a valid value to be accessible. Provide a valid, navigable address as the href value. If you cannot provide a valid href, but still need the element to resemble a link, use a button and change it with appropriate styles. Learn more: https://github.com/jsx-eslint/eslint-plugin-jsx-a11y/blob/HEAD/docs/rules/anchor-is-valid.md  jsx-a11y/anchor-is-valid

src\paneles\administrador\Encargados.jsx
  Line 10:3:    'asignarPuntoEncargado' is defined but never used  no-unused-vars
  Line 308:13:  'resp' is assigned a value but never used          no-unused-vars

src\paneles\administrador\Materiales.jsx
  Line 13:7:   'COLORES_CANECA' is assigned a value but never used                                                                  no-unused-vars
  Line 33:44:  React Hook useEffect has a missing dependency: 'cargarMateriales'. Either include it or remove the dependency array  react-hooks/exhaustive-deps

src\paneles\administrador\Perfil.jsx
  Line 71:9:   'totalEntregas' is assigned a value but never used  no-unused-vars
  Line 73:9:   'totalKg' is assigned a value but never used        no-unused-vars
  Line 75:9:   'canjes' is assigned a value but never used         no-unused-vars
  Line 89:13:  'usuario' is assigned a value but never used        no-unused-vars

src\paneles\administrador\Recompensas.jsx
  Line 49:34:  React Hook useEffect has a missing dependency: 'cargar'. Either include it or remove the dependency array  react-hooks/exhaustive-deps

src\paneles\administrador\Usuarios.jsx
  Line 3:10:  'ALL_POINTS' is defined but never used                                                                                                                                                                                                             no-unused-vars
  Line 3:22:  'ZONAS' is defined but never used                                                                                                                                                                                                                  no-unused-vars
  Line 4:10:  'getRolCfg' is defined but never used                                                                                                                                                                                                              no-unused-vars
  Line 43:6:  React Hook useEffect has missing dependencies: 'dispatch' and 'showToast'. Either include them or remove the dependency array. If 'dispatch' changes too often, find the parent component that defines it and wrap that definition in useCallback  react-hooks/exhaustive-deps

src\paneles\encargado\Canjes.jsx
  Line 509:35:  'st' is assigned a value but never used  no-unused-vars

src\paneles\encargado\HistorialdeEntregas.jsx
  Line 5:13:    'S' is defined but never used                                           no-unused-vars
  Line 188:17:  Comments inside children section of tag should be placed inside braces  react/jsx-no-comment-textnodes

src\paneles\encargado\Notificaciones.jsx
  Line 2:16:  'Av' is defined but never used  no-unused-vars

src\paneles\encargado\PanelEncargado.jsx
  Line 31:9:  'navigate' is assigned a value but never used  no-unused-vars

src\paneles\superadmin\Sidebar.jsx
  Line 34:9:  'handleLogout' is assigned a value but never used  no-unused-vars

Search for the keywords to learn more about each warning.
To ignore, add // eslint-disable-next-line to the line before.

[1m[33mWARNING[39m[22m in [1m[eslint] 
src\components\Topbar.jsx
  Line 29:9:  The href attribute requires a valid value to be accessible. Provide a valid, navigable address as the href value. If you cannot provide a valid href, but still need the element to resemble a link, use a button and change it with appropriate styles. Learn more: https://github.com/jsx-eslint/eslint-plugin-jsx-a11y/blob/HEAD/docs/rules/anchor-is-valid.md  jsx-a11y/anchor-is-valid

src\paneles\administrador\Encargados.jsx
  Line 10:3:    'asignarPuntoEncargado' is defined but never used  no-unused-vars
  Line 308:13:  'resp' is assigned a value but never used          no-unused-vars

src\paneles\administrador\Materiales.jsx
  Line 13:7:   'COLORES_CANECA' is assigned a value but never used                                                                  no-unused-vars
  Line 33:44:  React Hook useEffect has a missing dependency: 'cargarMateriales'. Either include it or remove the dependency array  react-hooks/exhaustive-deps

src\paneles\administrador\Perfil.jsx
  Line 71:9:   'totalEntregas' is assigned a value but never used  no-unused-vars
  Line 73:9:   'totalKg' is assigned a value but never used        no-unused-vars
  Line 75:9:   'canjes' is assigned a value but never used         no-unused-vars
  Line 89:13:  'usuario' is assigned a value but never used        no-unused-vars

src\paneles\administrador\Recompensas.jsx
  Line 49:34:  React Hook useEffect has a missing dependency: 'cargar'. Either include it or remove the dependency array  react-hooks/exhaustive-deps

src\paneles\administrador\Usuarios.jsx
  Line 3:10:  'ALL_POINTS' is defined but never used                                                                                                                                                                                                             no-unused-vars
  Line 3:22:  'ZONAS' is defined but never used                                                                                                                                                                                                                  no-unused-vars
  Line 4:10:  'getRolCfg' is defined but never used                                                                                                                                                                                                              no-unused-vars
  Line 43:6:  React Hook useEffect has missing dependencies: 'dispatch' and 'showToast'. Either include them or remove the dependency array. If 'dispatch' changes too often, find the parent component that defines it and wrap that definition in useCallback  react-hooks/exhaustive-deps

src\paneles\encargado\Canjes.jsx
  Line 509:35:  'st' is assigned a value but never used  no-unused-vars

src\paneles\encargado\HistorialdeEntregas.jsx
  Line 5:13:    'S' is defined but never used                                           no-unused-vars
  Line 188:17:  Comments inside children section of tag should be placed inside braces  react/jsx-no-comment-textnodes

src\paneles\encargado\Notificaciones.jsx
  Line 2:16:  'Av' is defined but never used  no-unused-vars

src\paneles\encargado\PanelEncargado.jsx
  Line 31:9:  'navigate' is assigned a value but never used  no-unused-vars

src\paneles\superadmin\Sidebar.jsx
  Line 34:9:  'handleLogout' is assigned a value but never used  no-unused-vars

[39m[22m

webpack compiled with [1m[33m1 warning[39m[22m
Compiling...
Compiled with warnings.

[eslint] 
src\components\Topbar.jsx
  Line 29:9:  The href attribute requires a valid value to be accessible. Provide a valid, navigable address as the href value. If you cannot provide a valid href, but still need the element to resemble a link, use a button and change it with appropriate styles. Learn more: https://github.com/jsx-eslint/eslint-plugin-jsx-a11y/blob/HEAD/docs/rules/anchor-is-valid.md  jsx-a11y/anchor-is-valid

src\paneles\administrador\Encargados.jsx
  Line 311:13:  'resp' is assigned a value but never used  no-unused-vars

src\paneles\administrador\Materiales.jsx
  Line 13:7:   'COLORES_CANECA' is assigned a value but never used                                                                  no-unused-vars
  Line 33:44:  React Hook useEffect has a missing dependency: 'cargarMateriales'. Either include it or remove the dependency array  react-hooks/exhaustive-deps

src\paneles\administrador\Perfil.jsx
  Line 71:9:   'totalEntregas' is assigned a value but never used  no-unused-vars
  Line 73:9:   'totalKg' is assigned a value but never used        no-unused-vars
  Line 75:9:   'canjes' is assigned a value but never used         no-unused-vars
  Line 89:13:  'usuario' is assigned a value but never used        no-unused-vars

src\paneles\administrador\Recompensas.jsx
  Line 49:34:  React Hook useEffect has a missing dependency: 'cargar'. Either include it or remove the dependency array  react-hooks/exhaustive-deps

src\paneles\administrador\Usuarios.jsx
  Line 3:10:  'ALL_POINTS' is defined but never used                                                                                                                                                                                                             no-unused-vars
  Line 3:22:  'ZONAS' is defined but never used                                                                                                                                                                                                                  no-unused-vars
  Line 4:10:  'getRolCfg' is defined but never used                                                                                                                                                                                                              no-unused-vars
  Line 43:6:  React Hook useEffect has missing dependencies: 'dispatch' and 'showToast'. Either include them or remove the dependency array. If 'dispatch' changes too often, find the parent component that defines it and wrap that definition in useCallback  react-hooks/exhaustive-deps

src\paneles\encargado\Canjes.jsx
  Line 509:35:  'st' is assigned a value but never used  no-unused-vars

src\paneles\encargado\HistorialdeEntregas.jsx
  Line 5:13:    'S' is defined but never used                                           no-unused-vars
  Line 188:17:  Comments inside children section of tag should be placed inside braces  react/jsx-no-comment-textnodes

src\paneles\encargado\Notificaciones.jsx
  Line 2:16:  'Av' is defined but never used  no-unused-vars

src\paneles\encargado\PanelEncargado.jsx
  Line 31:9:  'navigate' is assigned a value but never used  no-unused-vars

src\paneles\superadmin\Sidebar.jsx
  Line 34:9:  'handleLogout' is assigned a value but never used  no-unused-vars

Search for the keywords to learn more about each warning.
To ignore, add // eslint-disable-next-line to the line before.

[1m[33mWARNING[39m[22m in [1m[eslint] 
src\components\Topbar.jsx
  Line 29:9:  The href attribute requires a valid value to be accessible. Provide a valid, navigable address as the href value. If you cannot provide a valid href, but still need the element to resemble a link, use a button and change it with appropriate styles. Learn more: https://github.com/jsx-eslint/eslint-plugin-jsx-a11y/blob/HEAD/docs/rules/anchor-is-valid.md  jsx-a11y/anchor-is-valid

src\paneles\administrador\Encargados.jsx
  Line 311:13:  'resp' is assigned a value but never used  no-unused-vars

src\paneles\administrador\Materiales.jsx
  Line 13:7:   'COLORES_CANECA' is assigned a value but never used                                                                  no-unused-vars
  Line 33:44:  React Hook useEffect has a missing dependency: 'cargarMateriales'. Either include it or remove the dependency array  react-hooks/exhaustive-deps

src\paneles\administrador\Perfil.jsx
  Line 71:9:   'totalEntregas' is assigned a value but never used  no-unused-vars
  Line 73:9:   'totalKg' is assigned a value but never used        no-unused-vars
  Line 75:9:   'canjes' is assigned a value but never used         no-unused-vars
  Line 89:13:  'usuario' is assigned a value but never used        no-unused-vars

src\paneles\administrador\Recompensas.jsx
  Line 49:34:  React Hook useEffect has a missing dependency: 'cargar'. Either include it or remove the dependency array  react-hooks/exhaustive-deps

src\paneles\administrador\Usuarios.jsx
  Line 3:10:  'ALL_POINTS' is defined but never used                                                                                                                                                                                                             no-unused-vars
  Line 3:22:  'ZONAS' is defined but never used                                                                                                                                                                                                                  no-unused-vars
  Line 4:10:  'getRolCfg' is defined but never used                                                                                                                                                                                                              no-unused-vars
  Line 43:6:  React Hook useEffect has missing dependencies: 'dispatch' and 'showToast'. Either include them or remove the dependency array. If 'dispatch' changes too often, find the parent component that defines it and wrap that definition in useCallback  react-hooks/exhaustive-deps

src\paneles\encargado\Canjes.jsx
  Line 509:35:  'st' is assigned a value but never used  no-unused-vars

src\paneles\encargado\HistorialdeEntregas.jsx
  Line 5:13:    'S' is defined but never used                                           no-unused-vars
  Line 188:17:  Comments inside children section of tag should be placed inside braces  react/jsx-no-comment-textnodes

src\paneles\encargado\Notificaciones.jsx
  Line 2:16:  'Av' is defined but never used  no-unused-vars

src\paneles\encargado\PanelEncargado.jsx
  Line 31:9:  'navigate' is assigned a value but never used  no-unused-vars

src\paneles\superadmin\Sidebar.jsx
  Line 34:9:  'handleLogout' is assigned a value but never used  no-unused-vars

[39m[22m

webpack compiled with [1m[33m1 warning[39m[22m
Compiling...
Compiled with warnings.

[eslint] 
src\components\Topbar.jsx
  Line 29:9:  The href attribute requires a valid value to be accessible. Provide a valid, navigable address as the href value. If you cannot provide a valid href, but still need the element to resemble a link, use a button and change it with appropriate styles. Learn more: https://github.com/jsx-eslint/eslint-plugin-jsx-a11y/blob/HEAD/docs/rules/anchor-is-valid.md  jsx-a11y/anchor-is-valid

src\paneles\administrador\Encargados.jsx
  Line 311:13:  'resp' is assigned a value but never used  no-unused-vars

src\paneles\administrador\Materiales.jsx
  Line 13:7:   'COLORES_CANECA' is assigned a value but never used                                                                  no-unused-vars
  Line 33:44:  React Hook useEffect has a missing dependency: 'cargarMateriales'. Either include it or remove the dependency array  react-hooks/exhaustive-deps

src\paneles\administrador\Perfil.jsx
  Line 71:9:   'totalEntregas' is assigned a value but never used  no-unused-vars
  Line 73:9:   'totalKg' is assigned a value but never used        no-unused-vars
  Line 75:9:   'canjes' is assigned a value but never used         no-unused-vars
  Line 89:13:  'usuario' is assigned a value but never used        no-unused-vars

src\paneles\administrador\Recompensas.jsx
  Line 49:34:  React Hook useEffect has a missing dependency: 'cargar'. Either include it or remove the dependency array  react-hooks/exhaustive-deps

src\paneles\administrador\Usuarios.jsx
  Line 3:10:  'ALL_POINTS' is defined but never used                                                                                                                                                                                                             no-unused-vars
  Line 3:22:  'ZONAS' is defined but never used                                                                                                                                                                                                                  no-unused-vars
  Line 4:10:  'getRolCfg' is defined but never used                                                                                                                                                                                                              no-unused-vars
  Line 43:6:  React Hook useEffect has missing dependencies: 'dispatch' and 'showToast'. Either include them or remove the dependency array. If 'dispatch' changes too often, find the parent component that defines it and wrap that definition in useCallback  react-hooks/exhaustive-deps

src\paneles\encargado\Canjes.jsx
  Line 509:35:  'st' is assigned a value but never used  no-unused-vars

src\paneles\encargado\HistorialdeEntregas.jsx
  Line 5:13:    'S' is defined but never used                                           no-unused-vars
  Line 188:17:  Comments inside children section of tag should be placed inside braces  react/jsx-no-comment-textnodes

src\paneles\encargado\Notificaciones.jsx
  Line 2:16:  'Av' is defined but never used  no-unused-vars

src\paneles\encargado\PanelEncargado.jsx
  Line 31:9:  'navigate' is assigned a value but never used  no-unused-vars

src\paneles\superadmin\Sidebar.jsx
  Line 34:9:  'handleLogout' is assigned a value but never used  no-unused-vars

Search for the keywords to learn more about each warning.
To ignore, add // eslint-disable-next-line to the line before.

[1m[33mWARNING[39m[22m in [1m[eslint] 
src\components\Topbar.jsx
  Line 29:9:  The href attribute requires a valid value to be accessible. Provide a valid, navigable address as the href value. If you cannot provide a valid href, but still need the element to resemble a link, use a button and change it with appropriate styles. Learn more: https://github.com/jsx-eslint/eslint-plugin-jsx-a11y/blob/HEAD/docs/rules/anchor-is-valid.md  jsx-a11y/anchor-is-valid

src\paneles\administrador\Encargados.jsx
  Line 311:13:  'resp' is assigned a value but never used  no-unused-vars

src\paneles\administrador\Materiales.jsx
  Line 13:7:   'COLORES_CANECA' is assigned a value but never used                                                                  no-unused-vars
  Line 33:44:  React Hook useEffect has a missing dependency: 'cargarMateriales'. Either include it or remove the dependency array  react-hooks/exhaustive-deps

src\paneles\administrador\Perfil.jsx
  Line 71:9:   'totalEntregas' is assigned a value but never used  no-unused-vars
  Line 73:9:   'totalKg' is assigned a value but never used        no-unused-vars
  Line 75:9:   'canjes' is assigned a value but never used         no-unused-vars
  Line 89:13:  'usuario' is assigned a value but never used        no-unused-vars

src\paneles\administrador\Recompensas.jsx
  Line 49:34:  React Hook useEffect has a missing dependency: 'cargar'. Either include it or remove the dependency array  react-hooks/exhaustive-deps

src\paneles\administrador\Usuarios.jsx
  Line 3:10:  'ALL_POINTS' is defined but never used                                                                                                                                                                                                             no-unused-vars
  Line 3:22:  'ZONAS' is defined but never used                                                                                                                                                                                                                  no-unused-vars
  Line 4:10:  'getRolCfg' is defined but never used                                                                                                                                                                                                              no-unused-vars
  Line 43:6:  React Hook useEffect has missing dependencies: 'dispatch' and 'showToast'. Either include them or remove the dependency array. If 'dispatch' changes too often, find the parent component that defines it and wrap that definition in useCallback  react-hooks/exhaustive-deps

src\paneles\encargado\Canjes.jsx
  Line 509:35:  'st' is assigned a value but never used  no-unused-vars

src\paneles\encargado\HistorialdeEntregas.jsx
  Line 5:13:    'S' is defined but never used                                           no-unused-vars
  Line 188:17:  Comments inside children section of tag should be placed inside braces  react/jsx-no-comment-textnodes

src\paneles\encargado\Notificaciones.jsx
  Line 2:16:  'Av' is defined but never used  no-unused-vars

src\paneles\encargado\PanelEncargado.jsx
  Line 31:9:  'navigate' is assigned a value but never used  no-unused-vars

src\paneles\superadmin\Sidebar.jsx
  Line 34:9:  'handleLogout' is assigned a value but never used  no-unused-vars

[39m[22m

webpack compiled with [1m[33m1 warning[39m[22m
Compiling...
Compiled with warnings.

[eslint] 
src\components\Topbar.jsx
  Line 29:9:  The href attribute requires a valid value to be accessible. Provide a valid, navigable address as the href value. If you cannot provide a valid href, but still need the element to resemble a link, use a button and change it with appropriate styles. Learn more: https://github.com/jsx-eslint/eslint-plugin-jsx-a11y/blob/HEAD/docs/rules/anchor-is-valid.md  jsx-a11y/anchor-is-valid

src\paneles\administrador\Encargados.jsx
  Line 311:13:  'resp' is assigned a value but never used  no-unused-vars

src\paneles\administrador\Materiales.jsx
  Line 13:7:   'COLORES_CANECA' is assigned a value but never used                                                                  no-unused-vars
  Line 33:44:  React Hook useEffect has a missing dependency: 'cargarMateriales'. Either include it or remove the dependency array  react-hooks/exhaustive-deps

src\paneles\administrador\Perfil.jsx
  Line 71:9:   'totalEntregas' is assigned a value but never used  no-unused-vars
  Line 73:9:   'totalKg' is assigned a value but never used        no-unused-vars
  Line 75:9:   'canjes' is assigned a value but never used         no-unused-vars
  Line 89:13:  'usuario' is assigned a value but never used        no-unused-vars

src\paneles\administrador\Recompensas.jsx
  Line 49:34:  React Hook useEffect has a missing dependency: 'cargar'. Either include it or remove the dependency array  react-hooks/exhaustive-deps

src\paneles\administrador\Usuarios.jsx
  Line 3:10:  'ALL_POINTS' is defined but never used                                                                                                                                                                                                             no-unused-vars
  Line 3:22:  'ZONAS' is defined but never used                                                                                                                                                                                                                  no-unused-vars
  Line 4:10:  'getRolCfg' is defined but never used                                                                                                                                                                                                              no-unused-vars
  Line 43:6:  React Hook useEffect has missing dependencies: 'dispatch' and 'showToast'. Either include them or remove the dependency array. If 'dispatch' changes too often, find the parent component that defines it and wrap that definition in useCallback  react-hooks/exhaustive-deps

src\paneles\encargado\Canjes.jsx
  Line 509:35:  'st' is assigned a value but never used  no-unused-vars

src\paneles\encargado\HistorialdeEntregas.jsx
  Line 5:13:    'S' is defined but never used                                           no-unused-vars
  Line 188:17:  Comments inside children section of tag should be placed inside braces  react/jsx-no-comment-textnodes

src\paneles\encargado\Notificaciones.jsx
  Line 2:16:  'Av' is defined but never used  no-unused-vars

src\paneles\encargado\PanelEncargado.jsx
  Line 31:9:  'navigate' is assigned a value but never used  no-unused-vars

src\paneles\superadmin\Sidebar.jsx
  Line 34:9:  'handleLogout' is assigned a value but never used  no-unused-vars

Search for the keywords to learn more about each warning.
To ignore, add // eslint-disable-next-line to the line before.

[1m[33mWARNING[39m[22m in [1m[eslint] 
src\components\Topbar.jsx
  Line 29:9:  The href attribute requires a valid value to be accessible. Provide a valid, navigable address as the href value. If you cannot provide a valid href, but still need the element to resemble a link, use a button and change it with appropriate styles. Learn more: https://github.com/jsx-eslint/eslint-plugin-jsx-a11y/blob/HEAD/docs/rules/anchor-is-valid.md  jsx-a11y/anchor-is-valid

src\paneles\administrador\Encargados.jsx
  Line 311:13:  'resp' is assigned a value but never used  no-unused-vars

src\paneles\administrador\Materiales.jsx
  Line 13:7:   'COLORES_CANECA' is assigned a value but never used                                                                  no-unused-vars
  Line 33:44:  React Hook useEffect has a missing dependency: 'cargarMateriales'. Either include it or remove the dependency array  react-hooks/exhaustive-deps

src\paneles\administrador\Perfil.jsx
  Line 71:9:   'totalEntregas' is assigned a value but never used  no-unused-vars
  Line 73:9:   'totalKg' is assigned a value but never used        no-unused-vars
  Line 75:9:   'canjes' is assigned a value but never used         no-unused-vars
  Line 89:13:  'usuario' is assigned a value but never used        no-unused-vars

src\paneles\administrador\Recompensas.jsx
  Line 49:34:  React Hook useEffect has a missing dependency: 'cargar'. Either include it or remove the dependency array  react-hooks/exhaustive-deps

src\paneles\administrador\Usuarios.jsx
  Line 3:10:  'ALL_POINTS' is defined but never used                                                                                                                                                                                                             no-unused-vars
  Line 3:22:  'ZONAS' is defined but never used                                                                                                                                                                                                                  no-unused-vars
  Line 4:10:  'getRolCfg' is defined but never used                                                                                                                                                                                                              no-unused-vars
  Line 43:6:  React Hook useEffect has missing dependencies: 'dispatch' and 'showToast'. Either include them or remove the dependency array. If 'dispatch' changes too often, find the parent component that defines it and wrap that definition in useCallback  react-hooks/exhaustive-deps

src\paneles\encargado\Canjes.jsx
  Line 509:35:  'st' is assigned a value but never used  no-unused-vars

src\paneles\encargado\HistorialdeEntregas.jsx
  Line 5:13:    'S' is defined but never used                                           no-unused-vars
  Line 188:17:  Comments inside children section of tag should be placed inside braces  react/jsx-no-comment-textnodes

src\paneles\encargado\Notificaciones.jsx
  Line 2:16:  'Av' is defined but never used  no-unused-vars

src\paneles\encargado\PanelEncargado.jsx
  Line 31:9:  'navigate' is assigned a value but never used  no-unused-vars

src\paneles\superadmin\Sidebar.jsx
  Line 34:9:  'handleLogout' is assigned a value but never used  no-unused-vars

[39m[22m

webpack compiled with [1m[33m1 warning[39m[22m
Compiling...
Compiled with warnings.

[eslint] 
src\components\Topbar.jsx
  Line 29:9:  The href attribute requires a valid value to be accessible. Provide a valid, navigable address as the href value. If you cannot provide a valid href, but still need the element to resemble a link, use a button and change it with appropriate styles. Learn more: https://github.com/jsx-eslint/eslint-plugin-jsx-a11y/blob/HEAD/docs/rules/anchor-is-valid.md  jsx-a11y/anchor-is-valid

src\paneles\administrador\Encargados.jsx
  Line 311:13:  'resp' is assigned a value but never used  no-unused-vars

src\paneles\administrador\Materiales.jsx
  Line 13:7:   'COLORES_CANECA' is assigned a value but never used                                                                  no-unused-vars
  Line 33:44:  React Hook useEffect has a missing dependency: 'cargarMateriales'. Either include it or remove the dependency array  react-hooks/exhaustive-deps

src\paneles\administrador\Perfil.jsx
  Line 71:9:   'totalEntregas' is assigned a value but never used  no-unused-vars
  Line 73:9:   'totalKg' is assigned a value but never used        no-unused-vars
  Line 75:9:   'canjes' is assigned a value but never used         no-unused-vars
  Line 89:13:  'usuario' is assigned a value but never used        no-unused-vars

src\paneles\administrador\Recompensas.jsx
  Line 49:34:  React Hook useEffect has a missing dependency: 'cargar'. Either include it or remove the dependency array  react-hooks/exhaustive-deps

src\paneles\administrador\Usuarios.jsx
  Line 3:10:  'ALL_POINTS' is defined but never used                                                                                                                                                                                                             no-unused-vars
  Line 3:22:  'ZONAS' is defined but never used                                                                                                                                                                                                                  no-unused-vars
  Line 4:10:  'getRolCfg' is defined but never used                                                                                                                                                                                                              no-unused-vars
  Line 43:6:  React Hook useEffect has missing dependencies: 'dispatch' and 'showToast'. Either include them or remove the dependency array. If 'dispatch' changes too often, find the parent component that defines it and wrap that definition in useCallback  react-hooks/exhaustive-deps

src\paneles\encargado\Canjes.jsx
  Line 509:35:  'st' is assigned a value but never used  no-unused-vars

src\paneles\encargado\HistorialdeEntregas.jsx
  Line 5:13:    'S' is defined but never used                                           no-unused-vars
  Line 188:17:  Comments inside children section of tag should be placed inside braces  react/jsx-no-comment-textnodes

src\paneles\encargado\Notificaciones.jsx
  Line 2:16:  'Av' is defined but never used  no-unused-vars

src\paneles\encargado\PanelEncargado.jsx
  Line 31:9:  'navigate' is assigned a value but never used  no-unused-vars

src\paneles\superadmin\Sidebar.jsx
  Line 34:9:  'handleLogout' is assigned a value but never used  no-unused-vars

Search for the keywords to learn more about each warning.
To ignore, add // eslint-disable-next-line to the line before.

[1m[33mWARNING[39m[22m in [1m[eslint] 
src\components\Topbar.jsx
  Line 29:9:  The href attribute requires a valid value to be accessible. Provide a valid, navigable address as the href value. If you cannot provide a valid href, but still need the element to resemble a link, use a button and change it with appropriate styles. Learn more: https://github.com/jsx-eslint/eslint-plugin-jsx-a11y/blob/HEAD/docs/rules/anchor-is-valid.md  jsx-a11y/anchor-is-valid

src\paneles\administrador\Encargados.jsx
  Line 311:13:  'resp' is assigned a value but never used  no-unused-vars

src\paneles\administrador\Materiales.jsx
  Line 13:7:   'COLORES_CANECA' is assigned a value but never used                                                                  no-unused-vars
  Line 33:44:  React Hook useEffect has a missing dependency: 'cargarMateriales'. Either include it or remove the dependency array  react-hooks/exhaustive-deps

src\paneles\administrador\Perfil.jsx
  Line 71:9:   'totalEntregas' is assigned a value but never used  no-unused-vars
  Line 73:9:   'totalKg' is assigned a value but never used        no-unused-vars
  Line 75:9:   'canjes' is assigned a value but never used         no-unused-vars
  Line 89:13:  'usuario' is assigned a value but never used        no-unused-vars

src\paneles\administrador\Recompensas.jsx
  Line 49:34:  React Hook useEffect has a missing dependency: 'cargar'. Either include it or remove the dependency array  react-hooks/exhaustive-deps

src\paneles\administrador\Usuarios.jsx
  Line 3:10:  'ALL_POINTS' is defined but never used                                                                                                                                                                                                             no-unused-vars
  Line 3:22:  'ZONAS' is defined but never used                                                                                                                                                                                                                  no-unused-vars
  Line 4:10:  'getRolCfg' is defined but never used                                                                                                                                                                                                              no-unused-vars
  Line 43:6:  React Hook useEffect has missing dependencies: 'dispatch' and 'showToast'. Either include them or remove the dependency array. If 'dispatch' changes too often, find the parent component that defines it and wrap that definition in useCallback  react-hooks/exhaustive-deps

src\paneles\encargado\Canjes.jsx
  Line 509:35:  'st' is assigned a value but never used  no-unused-vars

src\paneles\encargado\HistorialdeEntregas.jsx
  Line 5:13:    'S' is defined but never used                                           no-unused-vars
  Line 188:17:  Comments inside children section of tag should be placed inside braces  react/jsx-no-comment-textnodes

src\paneles\encargado\Notificaciones.jsx
  Line 2:16:  'Av' is defined but never used  no-unused-vars

src\paneles\encargado\PanelEncargado.jsx
  Line 31:9:  'navigate' is assigned a value but never used  no-unused-vars

src\paneles\superadmin\Sidebar.jsx
  Line 34:9:  'handleLogout' is assigned a value but never used  no-unused-vars

[39m[22m

webpack compiled with [1m[33m1 warning[39m[22m
Compiling...
Compiled with warnings.

[eslint] 
src\components\Topbar.jsx
  Line 29:9:  The href attribute requires a valid value to be accessible. Provide a valid, navigable address as the href value. If you cannot provide a valid href, but still need the element to resemble a link, use a button and change it with appropriate styles. Learn more: https://github.com/jsx-eslint/eslint-plugin-jsx-a11y/blob/HEAD/docs/rules/anchor-is-valid.md  jsx-a11y/anchor-is-valid

src\paneles\administrador\Encargados.jsx
  Line 311:13:  'resp' is assigned a value but never used  no-unused-vars

src\paneles\administrador\Materiales.jsx
  Line 13:7:   'COLORES_CANECA' is assigned a value but never used                                                                  no-unused-vars
  Line 33:44:  React Hook useEffect has a missing dependency: 'cargarMateriales'. Either include it or remove the dependency array  react-hooks/exhaustive-deps

src\paneles\administrador\Perfil.jsx
  Line 71:9:   'totalEntregas' is assigned a value but never used  no-unused-vars
  Line 73:9:   'totalKg' is assigned a value but never used        no-unused-vars
  Line 75:9:   'canjes' is assigned a value but never used         no-unused-vars
  Line 89:13:  'usuario' is assigned a value but never used        no-unused-vars

src\paneles\administrador\Recompensas.jsx
  Line 49:34:  React Hook useEffect has a missing dependency: 'cargar'. Either include it or remove the dependency array  react-hooks/exhaustive-deps

src\paneles\administrador\Usuarios.jsx
  Line 3:10:  'ALL_POINTS' is defined but never used                                                                                                                                                                                                             no-unused-vars
  Line 3:22:  'ZONAS' is defined but never used                                                                                                                                                                                                                  no-unused-vars
  Line 4:10:  'getRolCfg' is defined but never used                                                                                                                                                                                                              no-unused-vars
  Line 43:6:  React Hook useEffect has missing dependencies: 'dispatch' and 'showToast'. Either include them or remove the dependency array. If 'dispatch' changes too often, find the parent component that defines it and wrap that definition in useCallback  react-hooks/exhaustive-deps

src\paneles\encargado\Canjes.jsx
  Line 509:35:  'st' is assigned a value but never used  no-unused-vars

src\paneles\encargado\HistorialdeEntregas.jsx
  Line 5:13:    'S' is defined but never used                                           no-unused-vars
  Line 188:17:  Comments inside children section of tag should be placed inside braces  react/jsx-no-comment-textnodes

src\paneles\encargado\Notificaciones.jsx
  Line 2:16:  'Av' is defined but never used  no-unused-vars

src\paneles\encargado\PanelEncargado.jsx
  Line 31:9:  'navigate' is assigned a value but never used  no-unused-vars

src\paneles\superadmin\Sidebar.jsx
  Line 34:9:  'handleLogout' is assigned a value but never used  no-unused-vars

Search for the keywords to learn more about each warning.
To ignore, add // eslint-disable-next-line to the line before.

[1m[33mWARNING[39m[22m in [1m[eslint] 
src\components\Topbar.jsx
  Line 29:9:  The href attribute requires a valid value to be accessible. Provide a valid, navigable address as the href value. If you cannot provide a valid href, but still need the element to resemble a link, use a button and change it with appropriate styles. Learn more: https://github.com/jsx-eslint/eslint-plugin-jsx-a11y/blob/HEAD/docs/rules/anchor-is-valid.md  jsx-a11y/anchor-is-valid

src\paneles\administrador\Encargados.jsx
  Line 311:13:  'resp' is assigned a value but never used  no-unused-vars

src\paneles\administrador\Materiales.jsx
  Line 13:7:   'COLORES_CANECA' is assigned a value but never used                                                                  no-unused-vars
  Line 33:44:  React Hook useEffect has a missing dependency: 'cargarMateriales'. Either include it or remove the dependency array  react-hooks/exhaustive-deps

src\paneles\administrador\Perfil.jsx
  Line 71:9:   'totalEntregas' is assigned a value but never used  no-unused-vars
  Line 73:9:   'totalKg' is assigned a value but never used        no-unused-vars
  Line 75:9:   'canjes' is assigned a value but never used         no-unused-vars
  Line 89:13:  'usuario' is assigned a value but never used        no-unused-vars

src\paneles\administrador\Recompensas.jsx
  Line 49:34:  React Hook useEffect has a missing dependency: 'cargar'. Either include it or remove the dependency array  react-hooks/exhaustive-deps

src\paneles\administrador\Usuarios.jsx
  Line 3:10:  'ALL_POINTS' is defined but never used                                                                                                                                                                                                             no-unused-vars
  Line 3:22:  'ZONAS' is defined but never used                                                                                                                                                                                                                  no-unused-vars
  Line 4:10:  'getRolCfg' is defined but never used                                                                                                                                                                                                              no-unused-vars
  Line 43:6:  React Hook useEffect has missing dependencies: 'dispatch' and 'showToast'. Either include them or remove the dependency array. If 'dispatch' changes too often, find the parent component that defines it and wrap that definition in useCallback  react-hooks/exhaustive-deps

src\paneles\encargado\Canjes.jsx
  Line 509:35:  'st' is assigned a value but never used  no-unused-vars

src\paneles\encargado\HistorialdeEntregas.jsx
  Line 5:13:    'S' is defined but never used                                           no-unused-vars
  Line 188:17:  Comments inside children section of tag should be placed inside braces  react/jsx-no-comment-textnodes

src\paneles\encargado\Notificaciones.jsx
  Line 2:16:  'Av' is defined but never used  no-unused-vars

src\paneles\encargado\PanelEncargado.jsx
  Line 31:9:  'navigate' is assigned a value but never used  no-unused-vars

src\paneles\superadmin\Sidebar.jsx
  Line 34:9:  'handleLogout' is assigned a value but never used  no-unused-vars

[39m[22m

webpack compiled with [1m[33m1 warning[39m[22m
Compiling...
Compiled with warnings.

[eslint] 
src\components\Topbar.jsx
  Line 29:9:  The href attribute requires a valid value to be accessible. Provide a valid, navigable address as the href value. If you cannot provide a valid href, but still need the element to resemble a link, use a button and change it with appropriate styles. Learn more: https://github.com/jsx-eslint/eslint-plugin-jsx-a11y/blob/HEAD/docs/rules/anchor-is-valid.md  jsx-a11y/anchor-is-valid

src\paneles\administrador\Encargados.jsx
  Line 311:13:  'resp' is assigned a value but never used  no-unused-vars

src\paneles\administrador\Materiales.jsx
  Line 13:7:   'COLORES_CANECA' is assigned a value but never used                                                                  no-unused-vars
  Line 33:44:  React Hook useEffect has a missing dependency: 'cargarMateriales'. Either include it or remove the dependency array  react-hooks/exhaustive-deps

src\paneles\administrador\Perfil.jsx
  Line 71:9:   'totalEntregas' is assigned a value but never used  no-unused-vars
  Line 73:9:   'totalKg' is assigned a value but never used        no-unused-vars
  Line 75:9:   'canjes' is assigned a value but never used         no-unused-vars
  Line 89:13:  'usuario' is assigned a value but never used        no-unused-vars

src\paneles\administrador\Recompensas.jsx
  Line 49:34:  React Hook useEffect has a missing dependency: 'cargar'. Either include it or remove the dependency array  react-hooks/exhaustive-deps

src\paneles\administrador\Usuarios.jsx
  Line 3:10:  'ALL_POINTS' is defined but never used                                                                                                                                                                                                             no-unused-vars
  Line 3:22:  'ZONAS' is defined but never used                                                                                                                                                                                                                  no-unused-vars
  Line 4:10:  'getRolCfg' is defined but never used                                                                                                                                                                                                              no-unused-vars
  Line 43:6:  React Hook useEffect has missing dependencies: 'dispatch' and 'showToast'. Either include them or remove the dependency array. If 'dispatch' changes too often, find the parent component that defines it and wrap that definition in useCallback  react-hooks/exhaustive-deps

src\paneles\encargado\Canjes.jsx
  Line 509:35:  'st' is assigned a value but never used  no-unused-vars

src\paneles\encargado\HistorialdeEntregas.jsx
  Line 5:13:    'S' is defined but never used                                           no-unused-vars
  Line 188:17:  Comments inside children section of tag should be placed inside braces  react/jsx-no-comment-textnodes

src\paneles\encargado\Notificaciones.jsx
  Line 2:16:  'Av' is defined but never used  no-unused-vars

src\paneles\encargado\PanelEncargado.jsx
  Line 31:9:  'navigate' is assigned a value but never used  no-unused-vars

src\paneles\superadmin\Sidebar.jsx
  Line 34:9:  'handleLogout' is assigned a value but never used  no-unused-vars

Search for the keywords to learn more about each warning.
To ignore, add // eslint-disable-next-line to the line before.

[1m[33mWARNING[39m[22m in [1m[eslint] 
src\components\Topbar.jsx
  Line 29:9:  The href attribute requires a valid value to be accessible. Provide a valid, navigable address as the href value. If you cannot provide a valid href, but still need the element to resemble a link, use a button and change it with appropriate styles. Learn more: https://github.com/jsx-eslint/eslint-plugin-jsx-a11y/blob/HEAD/docs/rules/anchor-is-valid.md  jsx-a11y/anchor-is-valid

src\paneles\administrador\Encargados.jsx
  Line 311:13:  'resp' is assigned a value but never used  no-unused-vars

src\paneles\administrador\Materiales.jsx
  Line 13:7:   'COLORES_CANECA' is assigned a value but never used                                                                  no-unused-vars
  Line 33:44:  React Hook useEffect has a missing dependency: 'cargarMateriales'. Either include it or remove the dependency array  react-hooks/exhaustive-deps

src\paneles\administrador\Perfil.jsx
  Line 71:9:   'totalEntregas' is assigned a value but never used  no-unused-vars
  Line 73:9:   'totalKg' is assigned a value but never used        no-unused-vars
  Line 75:9:   'canjes' is assigned a value but never used         no-unused-vars
  Line 89:13:  'usuario' is assigned a value but never used        no-unused-vars

src\paneles\administrador\Recompensas.jsx
  Line 49:34:  React Hook useEffect has a missing dependency: 'cargar'. Either include it or remove the dependency array  react-hooks/exhaustive-deps

src\paneles\administrador\Usuarios.jsx
  Line 3:10:  'ALL_POINTS' is defined but never used                                                                                                                                                                                                             no-unused-vars
  Line 3:22:  'ZONAS' is defined but never used                                                                                                                                                                                                                  no-unused-vars
  Line 4:10:  'getRolCfg' is defined but never used                                                                                                                                                                                                              no-unused-vars
  Line 43:6:  React Hook useEffect has missing dependencies: 'dispatch' and 'showToast'. Either include them or remove the dependency array. If 'dispatch' changes too often, find the parent component that defines it and wrap that definition in useCallback  react-hooks/exhaustive-deps

src\paneles\encargado\Canjes.jsx
  Line 509:35:  'st' is assigned a value but never used  no-unused-vars

src\paneles\encargado\HistorialdeEntregas.jsx
  Line 5:13:    'S' is defined but never used                                           no-unused-vars
  Line 188:17:  Comments inside children section of tag should be placed inside braces  react/jsx-no-comment-textnodes

src\paneles\encargado\Notificaciones.jsx
  Line 2:16:  'Av' is defined but never used  no-unused-vars

src\paneles\encargado\PanelEncargado.jsx
  Line 31:9:  'navigate' is assigned a value but never used  no-unused-vars

src\paneles\superadmin\Sidebar.jsx
  Line 34:9:  'handleLogout' is assigned a value but never used  no-unused-vars

[39m[22m

webpack compiled with [1m[33m1 warning[39m[22m
Compiling...
Compiled with warnings.

[eslint] 
src\components\Topbar.jsx
  Line 29:9:  The href attribute requires a valid value to be accessible. Provide a valid, navigable address as the href value. If you cannot provide a valid href, but still need the element to resemble a link, use a button and change it with appropriate styles. Learn more: https://github.com/jsx-eslint/eslint-plugin-jsx-a11y/blob/HEAD/docs/rules/anchor-is-valid.md  jsx-a11y/anchor-is-valid

src\paneles\administrador\Encargados.jsx
  Line 311:13:  'resp' is assigned a value but never used  no-unused-vars

src\paneles\administrador\Materiales.jsx
  Line 13:7:   'COLORES_CANECA' is assigned a value but never used                                                                  no-unused-vars
  Line 33:44:  React Hook useEffect has a missing dependency: 'cargarMateriales'. Either include it or remove the dependency array  react-hooks/exhaustive-deps

src\paneles\administrador\Perfil.jsx
  Line 71:9:   'totalEntregas' is assigned a value but never used  no-unused-vars
  Line 73:9:   'totalKg' is assigned a value but never used        no-unused-vars
  Line 75:9:   'canjes' is assigned a value but never used         no-unused-vars
  Line 89:13:  'usuario' is assigned a value but never used        no-unused-vars

src\paneles\administrador\Recompensas.jsx
  Line 49:34:  React Hook useEffect has a missing dependency: 'cargar'. Either include it or remove the dependency array  react-hooks/exhaustive-deps

src\paneles\administrador\Usuarios.jsx
  Line 3:10:  'ALL_POINTS' is defined but never used                                                                                                                                                                                                             no-unused-vars
  Line 3:22:  'ZONAS' is defined but never used                                                                                                                                                                                                                  no-unused-vars
  Line 4:10:  'getRolCfg' is defined but never used                                                                                                                                                                                                              no-unused-vars
  Line 43:6:  React Hook useEffect has missing dependencies: 'dispatch' and 'showToast'. Either include them or remove the dependency array. If 'dispatch' changes too often, find the parent component that defines it and wrap that definition in useCallback  react-hooks/exhaustive-deps

src\paneles\encargado\Canjes.jsx
  Line 509:35:  'st' is assigned a value but never used  no-unused-vars

src\paneles\encargado\HistorialdeEntregas.jsx
  Line 5:13:    'S' is defined but never used                                           no-unused-vars
  Line 188:17:  Comments inside children section of tag should be placed inside braces  react/jsx-no-comment-textnodes

src\paneles\encargado\Notificaciones.jsx
  Line 2:16:  'Av' is defined but never used  no-unused-vars

src\paneles\encargado\PanelEncargado.jsx
  Line 31:9:  'navigate' is assigned a value but never used  no-unused-vars

src\paneles\superadmin\Sidebar.jsx
  Line 34:9:  'handleLogout' is assigned a value but never used  no-unused-vars

Search for the keywords to learn more about each warning.
To ignore, add // eslint-disable-next-line to the line before.

[1m[33mWARNING[39m[22m in [1m[eslint] 
src\components\Topbar.jsx
  Line 29:9:  The href attribute requires a valid value to be accessible. Provide a valid, navigable address as the href value. If you cannot provide a valid href, but still need the element to resemble a link, use a button and change it with appropriate styles. Learn more: https://github.com/jsx-eslint/eslint-plugin-jsx-a11y/blob/HEAD/docs/rules/anchor-is-valid.md  jsx-a11y/anchor-is-valid

src\paneles\administrador\Encargados.jsx
  Line 311:13:  'resp' is assigned a value but never used  no-unused-vars

src\paneles\administrador\Materiales.jsx
  Line 13:7:   'COLORES_CANECA' is assigned a value but never used                                                                  no-unused-vars
  Line 33:44:  React Hook useEffect has a missing dependency: 'cargarMateriales'. Either include it or remove the dependency array  react-hooks/exhaustive-deps

src\paneles\administrador\Perfil.jsx
  Line 71:9:   'totalEntregas' is assigned a value but never used  no-unused-vars
  Line 73:9:   'totalKg' is assigned a value but never used        no-unused-vars
  Line 75:9:   'canjes' is assigned a value but never used         no-unused-vars
  Line 89:13:  'usuario' is assigned a value but never used        no-unused-vars

src\paneles\administrador\Recompensas.jsx
  Line 49:34:  React Hook useEffect has a missing dependency: 'cargar'. Either include it or remove the dependency array  react-hooks/exhaustive-deps

src\paneles\administrador\Usuarios.jsx
  Line 3:10:  'ALL_POINTS' is defined but never used                                                                                                                                                                                                             no-unused-vars
  Line 3:22:  'ZONAS' is defined but never used                                                                                                                                                                                                                  no-unused-vars
  Line 4:10:  'getRolCfg' is defined but never used                                                                                                                                                                                                              no-unused-vars
  Line 43:6:  React Hook useEffect has missing dependencies: 'dispatch' and 'showToast'. Either include them or remove the dependency array. If 'dispatch' changes too often, find the parent component that defines it and wrap that definition in useCallback  react-hooks/exhaustive-deps

src\paneles\encargado\Canjes.jsx
  Line 509:35:  'st' is assigned a value but never used  no-unused-vars

src\paneles\encargado\HistorialdeEntregas.jsx
  Line 5:13:    'S' is defined but never used                                           no-unused-vars
  Line 188:17:  Comments inside children section of tag should be placed inside braces  react/jsx-no-comment-textnodes

src\paneles\encargado\Notificaciones.jsx
  Line 2:16:  'Av' is defined but never used  no-unused-vars

src\paneles\encargado\PanelEncargado.jsx
  Line 31:9:  'navigate' is assigned a value but never used  no-unused-vars

src\paneles\superadmin\Sidebar.jsx
  Line 34:9:  'handleLogout' is assigned a value but never used  no-unused-vars

[39m[22m

webpack compiled with [1m[33m1 warning[39m[22m
Compiling...
Compiled with warnings.

[eslint] 
src\components\Topbar.jsx
  Line 29:9:  The href attribute requires a valid value to be accessible. Provide a valid, navigable address as the href value. If you cannot provide a valid href, but still need the element to resemble a link, use a button and change it with appropriate styles. Learn more: https://github.com/jsx-eslint/eslint-plugin-jsx-a11y/blob/HEAD/docs/rules/anchor-is-valid.md  jsx-a11y/anchor-is-valid

src\paneles\administrador\Encargados.jsx
  Line 311:13:  'resp' is assigned a value but never used  no-unused-vars

src\paneles\administrador\Materiales.jsx
  Line 13:7:   'COLORES_CANECA' is assigned a value but never used                                                                  no-unused-vars
  Line 33:44:  React Hook useEffect has a missing dependency: 'cargarMateriales'. Either include it or remove the dependency array  react-hooks/exhaustive-deps

src\paneles\administrador\Perfil.jsx
  Line 71:9:   'totalEntregas' is assigned a value but never used  no-unused-vars
  Line 73:9:   'totalKg' is assigned a value but never used        no-unused-vars
  Line 75:9:   'canjes' is assigned a value but never used         no-unused-vars
  Line 89:13:  'usuario' is assigned a value but never used        no-unused-vars

src\paneles\administrador\Recompensas.jsx
  Line 49:34:  React Hook useEffect has a missing dependency: 'cargar'. Either include it or remove the dependency array  react-hooks/exhaustive-deps

src\paneles\administrador\Usuarios.jsx
  Line 3:10:  'ALL_POINTS' is defined but never used                                                                                                                                                                                                             no-unused-vars
  Line 3:22:  'ZONAS' is defined but never used                                                                                                                                                                                                                  no-unused-vars
  Line 4:10:  'getRolCfg' is defined but never used                                                                                                                                                                                                              no-unused-vars
  Line 43:6:  React Hook useEffect has missing dependencies: 'dispatch' and 'showToast'. Either include them or remove the dependency array. If 'dispatch' changes too often, find the parent component that defines it and wrap that definition in useCallback  react-hooks/exhaustive-deps

src\paneles\encargado\Canjes.jsx
  Line 509:35:  'st' is assigned a value but never used  no-unused-vars

src\paneles\encargado\HistorialdeEntregas.jsx
  Line 5:13:    'S' is defined but never used                                           no-unused-vars
  Line 188:17:  Comments inside children section of tag should be placed inside braces  react/jsx-no-comment-textnodes

src\paneles\encargado\Notificaciones.jsx
  Line 2:16:  'Av' is defined but never used  no-unused-vars

src\paneles\encargado\PanelEncargado.jsx
  Line 31:9:  'navigate' is assigned a value but never used  no-unused-vars

src\paneles\superadmin\Sidebar.jsx
  Line 34:9:  'handleLogout' is assigned a value but never used  no-unused-vars

Search for the keywords to learn more about each warning.
To ignore, add // eslint-disable-next-line to the line before.

[1m[33mWARNING[39m[22m in [1m[eslint] 
src\components\Topbar.jsx
  Line 29:9:  The href attribute requires a valid value to be accessible. Provide a valid, navigable address as the href value. If you cannot provide a valid href, but still need the element to resemble a link, use a button and change it with appropriate styles. Learn more: https://github.com/jsx-eslint/eslint-plugin-jsx-a11y/blob/HEAD/docs/rules/anchor-is-valid.md  jsx-a11y/anchor-is-valid

src\paneles\administrador\Encargados.jsx
  Line 311:13:  'resp' is assigned a value but never used  no-unused-vars

src\paneles\administrador\Materiales.jsx
  Line 13:7:   'COLORES_CANECA' is assigned a value but never used                                                                  no-unused-vars
  Line 33:44:  React Hook useEffect has a missing dependency: 'cargarMateriales'. Either include it or remove the dependency array  react-hooks/exhaustive-deps

src\paneles\administrador\Perfil.jsx
  Line 71:9:   'totalEntregas' is assigned a value but never used  no-unused-vars
  Line 73:9:   'totalKg' is assigned a value but never used        no-unused-vars
  Line 75:9:   'canjes' is assigned a value but never used         no-unused-vars
  Line 89:13:  'usuario' is assigned a value but never used        no-unused-vars

src\paneles\administrador\Recompensas.jsx
  Line 49:34:  React Hook useEffect has a missing dependency: 'cargar'. Either include it or remove the dependency array  react-hooks/exhaustive-deps

src\paneles\administrador\Usuarios.jsx
  Line 3:10:  'ALL_POINTS' is defined but never used                                                                                                                                                                                                             no-unused-vars
  Line 3:22:  'ZONAS' is defined but never used                                                                                                                                                                                                                  no-unused-vars
  Line 4:10:  'getRolCfg' is defined but never used                                                                                                                                                                                                              no-unused-vars
  Line 43:6:  React Hook useEffect has missing dependencies: 'dispatch' and 'showToast'. Either include them or remove the dependency array. If 'dispatch' changes too often, find the parent component that defines it and wrap that definition in useCallback  react-hooks/exhaustive-deps

src\paneles\encargado\Canjes.jsx
  Line 509:35:  'st' is assigned a value but never used  no-unused-vars

src\paneles\encargado\HistorialdeEntregas.jsx
  Line 5:13:    'S' is defined but never used                                           no-unused-vars
  Line 188:17:  Comments inside children section of tag should be placed inside braces  react/jsx-no-comment-textnodes

src\paneles\encargado\Notificaciones.jsx
  Line 2:16:  'Av' is defined but never used  no-unused-vars

src\paneles\encargado\PanelEncargado.jsx
  Line 31:9:  'navigate' is assigned a value but never used  no-unused-vars

src\paneles\superadmin\Sidebar.jsx
  Line 34:9:  'handleLogout' is assigned a value but never used  no-unused-vars

[39m[22m

webpack compiled with [1m[33m1 warning[39m[22m
Compiling...
Compiled with warnings.

[eslint] 
src\components\Topbar.jsx
  Line 29:9:  The href attribute requires a valid value to be accessible. Provide a valid, navigable address as the href value. If you cannot provide a valid href, but still need the element to resemble a link, use a button and change it with appropriate styles. Learn more: https://github.com/jsx-eslint/eslint-plugin-jsx-a11y/blob/HEAD/docs/rules/anchor-is-valid.md  jsx-a11y/anchor-is-valid

src\paneles\administrador\Encargados.jsx
  Line 311:13:  'resp' is assigned a value but never used  no-unused-vars

src\paneles\administrador\Materiales.jsx
  Line 13:7:   'COLORES_CANECA' is assigned a value but never used                                                                  no-unused-vars
  Line 33:44:  React Hook useEffect has a missing dependency: 'cargarMateriales'. Either include it or remove the dependency array  react-hooks/exhaustive-deps

src\paneles\administrador\Perfil.jsx
  Line 71:9:   'totalEntregas' is assigned a value but never used  no-unused-vars
  Line 73:9:   'totalKg' is assigned a value but never used        no-unused-vars
  Line 75:9:   'canjes' is assigned a value but never used         no-unused-vars
  Line 89:13:  'usuario' is assigned a value but never used        no-unused-vars

src\paneles\administrador\Recompensas.jsx
  Line 49:34:  React Hook useEffect has a missing dependency: 'cargar'. Either include it or remove the dependency array  react-hooks/exhaustive-deps

src\paneles\administrador\Usuarios.jsx
  Line 3:10:  'ALL_POINTS' is defined but never used                                                                                                                                                                                                             no-unused-vars
  Line 3:22:  'ZONAS' is defined but never used                                                                                                                                                                                                                  no-unused-vars
  Line 4:10:  'getRolCfg' is defined but never used                                                                                                                                                                                                              no-unused-vars
  Line 43:6:  React Hook useEffect has missing dependencies: 'dispatch' and 'showToast'. Either include them or remove the dependency array. If 'dispatch' changes too often, find the parent component that defines it and wrap that definition in useCallback  react-hooks/exhaustive-deps

src\paneles\encargado\Canjes.jsx
  Line 509:35:  'st' is assigned a value but never used  no-unused-vars

src\paneles\encargado\HistorialdeEntregas.jsx
  Line 5:13:    'S' is defined but never used                                           no-unused-vars
  Line 188:17:  Comments inside children section of tag should be placed inside braces  react/jsx-no-comment-textnodes

src\paneles\encargado\Notificaciones.jsx
  Line 2:16:  'Av' is defined but never used  no-unused-vars

src\paneles\encargado\PanelEncargado.jsx
  Line 31:9:  'navigate' is assigned a value but never used  no-unused-vars

src\paneles\superadmin\Sidebar.jsx
  Line 34:9:  'handleLogout' is assigned a value but never used  no-unused-vars

Search for the keywords to learn more about each warning.
To ignore, add // eslint-disable-next-line to the line before.

[1m[33mWARNING[39m[22m in [1m[eslint] 
src\components\Topbar.jsx
  Line 29:9:  The href attribute requires a valid value to be accessible. Provide a valid, navigable address as the href value. If you cannot provide a valid href, but still need the element to resemble a link, use a button and change it with appropriate styles. Learn more: https://github.com/jsx-eslint/eslint-plugin-jsx-a11y/blob/HEAD/docs/rules/anchor-is-valid.md  jsx-a11y/anchor-is-valid

src\paneles\administrador\Encargados.jsx
  Line 311:13:  'resp' is assigned a value but never used  no-unused-vars

src\paneles\administrador\Materiales.jsx
  Line 13:7:   'COLORES_CANECA' is assigned a value but never used                                                                  no-unused-vars
  Line 33:44:  React Hook useEffect has a missing dependency: 'cargarMateriales'. Either include it or remove the dependency array  react-hooks/exhaustive-deps

src\paneles\administrador\Perfil.jsx
  Line 71:9:   'totalEntregas' is assigned a value but never used  no-unused-vars
  Line 73:9:   'totalKg' is assigned a value but never used        no-unused-vars
  Line 75:9:   'canjes' is assigned a value but never used         no-unused-vars
  Line 89:13:  'usuario' is assigned a value but never used        no-unused-vars

src\paneles\administrador\Recompensas.jsx
  Line 49:34:  React Hook useEffect has a missing dependency: 'cargar'. Either include it or remove the dependency array  react-hooks/exhaustive-deps

src\paneles\administrador\Usuarios.jsx
  Line 3:10:  'ALL_POINTS' is defined but never used                                                                                                                                                                                                             no-unused-vars
  Line 3:22:  'ZONAS' is defined but never used                                                                                                                                                                                                                  no-unused-vars
  Line 4:10:  'getRolCfg' is defined but never used                                                                                                                                                                                                              no-unused-vars
  Line 43:6:  React Hook useEffect has missing dependencies: 'dispatch' and 'showToast'. Either include them or remove the dependency array. If 'dispatch' changes too often, find the parent component that defines it and wrap that definition in useCallback  react-hooks/exhaustive-deps

src\paneles\encargado\Canjes.jsx
  Line 509:35:  'st' is assigned a value but never used  no-unused-vars

src\paneles\encargado\HistorialdeEntregas.jsx
  Line 5:13:    'S' is defined but never used                                           no-unused-vars
  Line 188:17:  Comments inside children section of tag should be placed inside braces  react/jsx-no-comment-textnodes

src\paneles\encargado\Notificaciones.jsx
  Line 2:16:  'Av' is defined but never used  no-unused-vars

src\paneles\encargado\PanelEncargado.jsx
  Line 31:9:  'navigate' is assigned a value but never used  no-unused-vars

src\paneles\superadmin\Sidebar.jsx
  Line 34:9:  'handleLogout' is assigned a value but never used  no-unused-vars

[39m[22m

webpack compiled with [1m[33m1 warning[39m[22m
Compiling...
Compiled with warnings.

[eslint] 
src\components\Topbar.jsx
  Line 29:9:  The href attribute requires a valid value to be accessible. Provide a valid, navigable address as the href value. If you cannot provide a valid href, but still need the element to resemble a link, use a button and change it with appropriate styles. Learn more: https://github.com/jsx-eslint/eslint-plugin-jsx-a11y/blob/HEAD/docs/rules/anchor-is-valid.md  jsx-a11y/anchor-is-valid

src\paneles\administrador\Encargados.jsx
  Line 311:13:  'resp' is assigned a value but never used  no-unused-vars

src\paneles\administrador\Materiales.jsx
  Line 13:7:   'COLORES_CANECA' is assigned a value but never used                                                                  no-unused-vars
  Line 33:44:  React Hook useEffect has a missing dependency: 'cargarMateriales'. Either include it or remove the dependency array  react-hooks/exhaustive-deps

src\paneles\administrador\Perfil.jsx
  Line 71:9:   'totalEntregas' is assigned a value but never used  no-unused-vars
  Line 73:9:   'totalKg' is assigned a value but never used        no-unused-vars
  Line 75:9:   'canjes' is assigned a value but never used         no-unused-vars
  Line 89:13:  'usuario' is assigned a value but never used        no-unused-vars

src\paneles\administrador\Recompensas.jsx
  Line 49:34:  React Hook useEffect has a missing dependency: 'cargar'. Either include it or remove the dependency array  react-hooks/exhaustive-deps

src\paneles\administrador\Usuarios.jsx
  Line 3:10:  'ALL_POINTS' is defined but never used                                                                                                                                                                                                             no-unused-vars
  Line 3:22:  'ZONAS' is defined but never used                                                                                                                                                                                                                  no-unused-vars
  Line 4:10:  'getRolCfg' is defined but never used                                                                                                                                                                                                              no-unused-vars
  Line 43:6:  React Hook useEffect has missing dependencies: 'dispatch' and 'showToast'. Either include them or remove the dependency array. If 'dispatch' changes too often, find the parent component that defines it and wrap that definition in useCallback  react-hooks/exhaustive-deps

src\paneles\encargado\Canjes.jsx
  Line 509:35:  'st' is assigned a value but never used  no-unused-vars

src\paneles\encargado\HistorialdeEntregas.jsx
  Line 5:13:    'S' is defined but never used                                           no-unused-vars
  Line 188:17:  Comments inside children section of tag should be placed inside braces  react/jsx-no-comment-textnodes

src\paneles\encargado\Notificaciones.jsx
  Line 2:16:  'Av' is defined but never used  no-unused-vars

src\paneles\encargado\PanelEncargado.jsx
  Line 31:9:  'navigate' is assigned a value but never used  no-unused-vars

src\paneles\superadmin\Sidebar.jsx
  Line 34:9:  'handleLogout' is assigned a value but never used  no-unused-vars

Search for the keywords to learn more about each warning.
To ignore, add // eslint-disable-next-line to the line before.

[1m[33mWARNING[39m[22m in [1m[eslint] 
src\components\Topbar.jsx
  Line 29:9:  The href attribute requires a valid value to be accessible. Provide a valid, navigable address as the href value. If you cannot provide a valid href, but still need the element to resemble a link, use a button and change it with appropriate styles. Learn more: https://github.com/jsx-eslint/eslint-plugin-jsx-a11y/blob/HEAD/docs/rules/anchor-is-valid.md  jsx-a11y/anchor-is-valid

src\paneles\administrador\Encargados.jsx
  Line 311:13:  'resp' is assigned a value but never used  no-unused-vars

src\paneles\administrador\Materiales.jsx
  Line 13:7:   'COLORES_CANECA' is assigned a value but never used                                                                  no-unused-vars
  Line 33:44:  React Hook useEffect has a missing dependency: 'cargarMateriales'. Either include it or remove the dependency array  react-hooks/exhaustive-deps

src\paneles\administrador\Perfil.jsx
  Line 71:9:   'totalEntregas' is assigned a value but never used  no-unused-vars
  Line 73:9:   'totalKg' is assigned a value but never used        no-unused-vars
  Line 75:9:   'canjes' is assigned a value but never used         no-unused-vars
  Line 89:13:  'usuario' is assigned a value but never used        no-unused-vars

src\paneles\administrador\Recompensas.jsx
  Line 49:34:  React Hook useEffect has a missing dependency: 'cargar'. Either include it or remove the dependency array  react-hooks/exhaustive-deps

src\paneles\administrador\Usuarios.jsx
  Line 3:10:  'ALL_POINTS' is defined but never used                                                                                                                                                                                                             no-unused-vars
  Line 3:22:  'ZONAS' is defined but never used                                                                                                                                                                                                                  no-unused-vars
  Line 4:10:  'getRolCfg' is defined but never used                                                                                                                                                                                                              no-unused-vars
  Line 43:6:  React Hook useEffect has missing dependencies: 'dispatch' and 'showToast'. Either include them or remove the dependency array. If 'dispatch' changes too often, find the parent component that defines it and wrap that definition in useCallback  react-hooks/exhaustive-deps

src\paneles\encargado\Canjes.jsx
  Line 509:35:  'st' is assigned a value but never used  no-unused-vars

src\paneles\encargado\HistorialdeEntregas.jsx
  Line 5:13:    'S' is defined but never used                                           no-unused-vars
  Line 188:17:  Comments inside children section of tag should be placed inside braces  react/jsx-no-comment-textnodes

src\paneles\encargado\Notificaciones.jsx
  Line 2:16:  'Av' is defined but never used  no-unused-vars

src\paneles\encargado\PanelEncargado.jsx
  Line 31:9:  'navigate' is assigned a value but never used  no-unused-vars

src\paneles\superadmin\Sidebar.jsx
  Line 34:9:  'handleLogout' is assigned a value but never used  no-unused-vars

[39m[22m

webpack compiled with [1m[33m1 warning[39m[22m
Compiling...
Compiled with warnings.

[eslint] 
src\components\Topbar.jsx
  Line 29:9:  The href attribute requires a valid value to be accessible. Provide a valid, navigable address as the href value. If you cannot provide a valid href, but still need the element to resemble a link, use a button and change it with appropriate styles. Learn more: https://github.com/jsx-eslint/eslint-plugin-jsx-a11y/blob/HEAD/docs/rules/anchor-is-valid.md  jsx-a11y/anchor-is-valid

src\paneles\administrador\Encargados.jsx
  Line 311:13:  'resp' is assigned a value but never used  no-unused-vars

src\paneles\administrador\Materiales.jsx
  Line 13:7:   'COLORES_CANECA' is assigned a value but never used                                                                  no-unused-vars
  Line 33:44:  React Hook useEffect has a missing dependency: 'cargarMateriales'. Either include it or remove the dependency array  react-hooks/exhaustive-deps

src\paneles\administrador\Perfil.jsx
  Line 71:9:   'totalEntregas' is assigned a value but never used  no-unused-vars
  Line 73:9:   'totalKg' is assigned a value but never used        no-unused-vars
  Line 75:9:   'canjes' is assigned a value but never used         no-unused-vars
  Line 89:13:  'usuario' is assigned a value but never used        no-unused-vars

src\paneles\administrador\Recompensas.jsx
  Line 49:34:  React Hook useEffect has a missing dependency: 'cargar'. Either include it or remove the dependency array  react-hooks/exhaustive-deps

src\paneles\administrador\Usuarios.jsx
  Line 3:10:  'ALL_POINTS' is defined but never used                                                                                                                                                                                                             no-unused-vars
  Line 3:22:  'ZONAS' is defined but never used                                                                                                                                                                                                                  no-unused-vars
  Line 4:10:  'getRolCfg' is defined but never used                                                                                                                                                                                                              no-unused-vars
  Line 43:6:  React Hook useEffect has missing dependencies: 'dispatch' and 'showToast'. Either include them or remove the dependency array. If 'dispatch' changes too often, find the parent component that defines it and wrap that definition in useCallback  react-hooks/exhaustive-deps

src\paneles\encargado\Canjes.jsx
  Line 509:35:  'st' is assigned a value but never used  no-unused-vars

src\paneles\encargado\HistorialdeEntregas.jsx
  Line 5:13:    'S' is defined but never used                                           no-unused-vars
  Line 188:17:  Comments inside children section of tag should be placed inside braces  react/jsx-no-comment-textnodes

src\paneles\encargado\Notificaciones.jsx
  Line 2:16:  'Av' is defined but never used  no-unused-vars

src\paneles\encargado\PanelEncargado.jsx
  Line 31:9:  'navigate' is assigned a value but never used  no-unused-vars

src\paneles\superadmin\Sidebar.jsx
  Line 34:9:  'handleLogout' is assigned a value but never used  no-unused-vars

Search for the keywords to learn more about each warning.
To ignore, add // eslint-disable-next-line to the line before.

[1m[33mWARNING[39m[22m in [1m[eslint] 
src\components\Topbar.jsx
  Line 29:9:  The href attribute requires a valid value to be accessible. Provide a valid, navigable address as the href value. If you cannot provide a valid href, but still need the element to resemble a link, use a button and change it with appropriate styles. Learn more: https://github.com/jsx-eslint/eslint-plugin-jsx-a11y/blob/HEAD/docs/rules/anchor-is-valid.md  jsx-a11y/anchor-is-valid

src\paneles\administrador\Encargados.jsx
  Line 311:13:  'resp' is assigned a value but never used  no-unused-vars

src\paneles\administrador\Materiales.jsx
  Line 13:7:   'COLORES_CANECA' is assigned a value but never used                                                                  no-unused-vars
  Line 33:44:  React Hook useEffect has a missing dependency: 'cargarMateriales'. Either include it or remove the dependency array  react-hooks/exhaustive-deps

src\paneles\administrador\Perfil.jsx
  Line 71:9:   'totalEntregas' is assigned a value but never used  no-unused-vars
  Line 73:9:   'totalKg' is assigned a value but never used        no-unused-vars
  Line 75:9:   'canjes' is assigned a value but never used         no-unused-vars
  Line 89:13:  'usuario' is assigned a value but never used        no-unused-vars

src\paneles\administrador\Recompensas.jsx
  Line 49:34:  React Hook useEffect has a missing dependency: 'cargar'. Either include it or remove the dependency array  react-hooks/exhaustive-deps

src\paneles\administrador\Usuarios.jsx
  Line 3:10:  'ALL_POINTS' is defined but never used                                                                                                                                                                                                             no-unused-vars
  Line 3:22:  'ZONAS' is defined but never used                                                                                                                                                                                                                  no-unused-vars
  Line 4:10:  'getRolCfg' is defined but never used                                                                                                                                                                                                              no-unused-vars
  Line 43:6:  React Hook useEffect has missing dependencies: 'dispatch' and 'showToast'. Either include them or remove the dependency array. If 'dispatch' changes too often, find the parent component that defines it and wrap that definition in useCallback  react-hooks/exhaustive-deps

src\paneles\encargado\Canjes.jsx
  Line 509:35:  'st' is assigned a value but never used  no-unused-vars

src\paneles\encargado\HistorialdeEntregas.jsx
  Line 5:13:    'S' is defined but never used                                           no-unused-vars
  Line 188:17:  Comments inside children section of tag should be placed inside braces  react/jsx-no-comment-textnodes

src\paneles\encargado\Notificaciones.jsx
  Line 2:16:  'Av' is defined but never used  no-unused-vars

src\paneles\encargado\PanelEncargado.jsx
  Line 31:9:  'navigate' is assigned a value but never used  no-unused-vars

src\paneles\superadmin\Sidebar.jsx
  Line 34:9:  'handleLogout' is assigned a value but never used  no-unused-vars

[39m[22m

webpack compiled with [1m[33m1 warning[39m[22m
Compiling...
Compiled with warnings.

[eslint] 
src\components\Topbar.jsx
  Line 29:9:  The href attribute requires a valid value to be accessible. Provide a valid, navigable address as the href value. If you cannot provide a valid href, but still need the element to resemble a link, use a button and change it with appropriate styles. Learn more: https://github.com/jsx-eslint/eslint-plugin-jsx-a11y/blob/HEAD/docs/rules/anchor-is-valid.md  jsx-a11y/anchor-is-valid

src\paneles\administrador\Encargados.jsx
  Line 311:13:  'resp' is assigned a value but never used  no-unused-vars

src\paneles\administrador\Materiales.jsx
  Line 13:7:   'COLORES_CANECA' is assigned a value but never used                                                                  no-unused-vars
  Line 33:44:  React Hook useEffect has a missing dependency: 'cargarMateriales'. Either include it or remove the dependency array  react-hooks/exhaustive-deps

src\paneles\administrador\Perfil.jsx
  Line 71:9:   'totalEntregas' is assigned a value but never used  no-unused-vars
  Line 73:9:   'totalKg' is assigned a value but never used        no-unused-vars
  Line 75:9:   'canjes' is assigned a value but never used         no-unused-vars
  Line 89:13:  'usuario' is assigned a value but never used        no-unused-vars

src\paneles\administrador\Recompensas.jsx
  Line 49:34:  React Hook useEffect has a missing dependency: 'cargar'. Either include it or remove the dependency array  react-hooks/exhaustive-deps

src\paneles\administrador\Usuarios.jsx
  Line 3:10:  'ALL_POINTS' is defined but never used                                                                                                                                                                                                             no-unused-vars
  Line 3:22:  'ZONAS' is defined but never used                                                                                                                                                                                                                  no-unused-vars
  Line 4:10:  'getRolCfg' is defined but never used                                                                                                                                                                                                              no-unused-vars
  Line 43:6:  React Hook useEffect has missing dependencies: 'dispatch' and 'showToast'. Either include them or remove the dependency array. If 'dispatch' changes too often, find the parent component that defines it and wrap that definition in useCallback  react-hooks/exhaustive-deps

src\paneles\encargado\Canjes.jsx
  Line 509:35:  'st' is assigned a value but never used  no-unused-vars

src\paneles\encargado\HistorialdeEntregas.jsx
  Line 5:13:    'S' is defined but never used                                           no-unused-vars
  Line 188:17:  Comments inside children section of tag should be placed inside braces  react/jsx-no-comment-textnodes

src\paneles\encargado\Notificaciones.jsx
  Line 2:16:  'Av' is defined but never used  no-unused-vars

src\paneles\encargado\PanelEncargado.jsx
  Line 31:9:  'navigate' is assigned a value but never used  no-unused-vars

src\paneles\superadmin\Sidebar.jsx
  Line 34:9:  'handleLogout' is assigned a value but never used  no-unused-vars

Search for the keywords to learn more about each warning.
To ignore, add // eslint-disable-next-line to the line before.

[1m[33mWARNING[39m[22m in [1m[eslint] 
src\components\Topbar.jsx
  Line 29:9:  The href attribute requires a valid value to be accessible. Provide a valid, navigable address as the href value. If you cannot provide a valid href, but still need the element to resemble a link, use a button and change it with appropriate styles. Learn more: https://github.com/jsx-eslint/eslint-plugin-jsx-a11y/blob/HEAD/docs/rules/anchor-is-valid.md  jsx-a11y/anchor-is-valid

src\paneles\administrador\Encargados.jsx
  Line 311:13:  'resp' is assigned a value but never used  no-unused-vars

src\paneles\administrador\Materiales.jsx
  Line 13:7:   'COLORES_CANECA' is assigned a value but never used                                                                  no-unused-vars
  Line 33:44:  React Hook useEffect has a missing dependency: 'cargarMateriales'. Either include it or remove the dependency array  react-hooks/exhaustive-deps

src\paneles\administrador\Perfil.jsx
  Line 71:9:   'totalEntregas' is assigned a value but never used  no-unused-vars
  Line 73:9:   'totalKg' is assigned a value but never used        no-unused-vars
  Line 75:9:   'canjes' is assigned a value but never used         no-unused-vars
  Line 89:13:  'usuario' is assigned a value but never used        no-unused-vars

src\paneles\administrador\Recompensas.jsx
  Line 49:34:  React Hook useEffect has a missing dependency: 'cargar'. Either include it or remove the dependency array  react-hooks/exhaustive-deps

src\paneles\administrador\Usuarios.jsx
  Line 3:10:  'ALL_POINTS' is defined but never used                                                                                                                                                                                                             no-unused-vars
  Line 3:22:  'ZONAS' is defined but never used                                                                                                                                                                                                                  no-unused-vars
  Line 4:10:  'getRolCfg' is defined but never used                                                                                                                                                                                                              no-unused-vars
  Line 43:6:  React Hook useEffect has missing dependencies: 'dispatch' and 'showToast'. Either include them or remove the dependency array. If 'dispatch' changes too often, find the parent component that defines it and wrap that definition in useCallback  react-hooks/exhaustive-deps

src\paneles\encargado\Canjes.jsx
  Line 509:35:  'st' is assigned a value but never used  no-unused-vars

src\paneles\encargado\HistorialdeEntregas.jsx
  Line 5:13:    'S' is defined but never used                                           no-unused-vars
  Line 188:17:  Comments inside children section of tag should be placed inside braces  react/jsx-no-comment-textnodes

src\paneles\encargado\Notificaciones.jsx
  Line 2:16:  'Av' is defined but never used  no-unused-vars

src\paneles\encargado\PanelEncargado.jsx
  Line 31:9:  'navigate' is assigned a value but never used  no-unused-vars

src\paneles\superadmin\Sidebar.jsx
  Line 34:9:  'handleLogout' is assigned a value but never used  no-unused-vars

[39m[22m

webpack compiled with [1m[33m1 warning[39m[22m
Compiling...
Compiled with warnings.

[eslint] 
src\components\Topbar.jsx
  Line 29:9:  The href attribute requires a valid value to be accessible. Provide a valid, navigable address as the href value. If you cannot provide a valid href, but still need the element to resemble a link, use a button and change it with appropriate styles. Learn more: https://github.com/jsx-eslint/eslint-plugin-jsx-a11y/blob/HEAD/docs/rules/anchor-is-valid.md  jsx-a11y/anchor-is-valid

src\paneles\administrador\Administradores.jsx
  Line 89:6:  React Hook useEffect has missing dependencies: 'dispatch' and 'state.usuarios'. Either include them or remove the dependency array. If 'dispatch' changes too often, find the parent component that defines it and wrap that definition in useCallback  react-hooks/exhaustive-deps

src\paneles\administrador\Encargados.jsx
  Line 311:13:  'resp' is assigned a value but never used  no-unused-vars

src\paneles\administrador\Materiales.jsx
  Line 13:7:   'COLORES_CANECA' is assigned a value but never used                                                                  no-unused-vars
  Line 33:44:  React Hook useEffect has a missing dependency: 'cargarMateriales'. Either include it or remove the dependency array  react-hooks/exhaustive-deps

src\paneles\administrador\Perfil.jsx
  Line 71:9:   'totalEntregas' is assigned a value but never used  no-unused-vars
  Line 73:9:   'totalKg' is assigned a value but never used        no-unused-vars
  Line 75:9:   'canjes' is assigned a value but never used         no-unused-vars
  Line 89:13:  'usuario' is assigned a value but never used        no-unused-vars

src\paneles\administrador\Recompensas.jsx
  Line 49:34:  React Hook useEffect has a missing dependency: 'cargar'. Either include it or remove the dependency array  react-hooks/exhaustive-deps

src\paneles\administrador\Usuarios.jsx
  Line 3:10:  'ALL_POINTS' is defined but never used                                                                                                                                                                                                             no-unused-vars
  Line 3:22:  'ZONAS' is defined but never used                                                                                                                                                                                                                  no-unused-vars
  Line 4:10:  'getRolCfg' is defined but never used                                                                                                                                                                                                              no-unused-vars
  Line 43:6:  React Hook useEffect has missing dependencies: 'dispatch' and 'showToast'. Either include them or remove the dependency array. If 'dispatch' changes too often, find the parent component that defines it and wrap that definition in useCallback  react-hooks/exhaustive-deps

src\paneles\encargado\Canjes.jsx
  Line 509:35:  'st' is assigned a value but never used  no-unused-vars

src\paneles\encargado\HistorialdeEntregas.jsx
  Line 5:13:    'S' is defined but never used                                           no-unused-vars
  Line 188:17:  Comments inside children section of tag should be placed inside braces  react/jsx-no-comment-textnodes

src\paneles\encargado\Notificaciones.jsx
  Line 2:16:  'Av' is defined but never used  no-unused-vars

src\paneles\encargado\PanelEncargado.jsx
  Line 31:9:  'navigate' is assigned a value but never used  no-unused-vars

src\paneles\superadmin\Sidebar.jsx
  Line 34:9:  'handleLogout' is assigned a value but never used  no-unused-vars

Search for the keywords to learn more about each warning.
To ignore, add // eslint-disable-next-line to the line before.

[1m[33mWARNING[39m[22m in [1m[eslint] 
src\components\Topbar.jsx
  Line 29:9:  The href attribute requires a valid value to be accessible. Provide a valid, navigable address as the href value. If you cannot provide a valid href, but still need the element to resemble a link, use a button and change it with appropriate styles. Learn more: https://github.com/jsx-eslint/eslint-plugin-jsx-a11y/blob/HEAD/docs/rules/anchor-is-valid.md  jsx-a11y/anchor-is-valid

src\paneles\administrador\Administradores.jsx
  Line 89:6:  React Hook useEffect has missing dependencies: 'dispatch' and 'state.usuarios'. Either include them or remove the dependency array. If 'dispatch' changes too often, find the parent component that defines it and wrap that definition in useCallback  react-hooks/exhaustive-deps

src\paneles\administrador\Encargados.jsx
  Line 311:13:  'resp' is assigned a value but never used  no-unused-vars

src\paneles\administrador\Materiales.jsx
  Line 13:7:   'COLORES_CANECA' is assigned a value but never used                                                                  no-unused-vars
  Line 33:44:  React Hook useEffect has a missing dependency: 'cargarMateriales'. Either include it or remove the dependency array  react-hooks/exhaustive-deps

src\paneles\administrador\Perfil.jsx
  Line 71:9:   'totalEntregas' is assigned a value but never used  no-unused-vars
  Line 73:9:   'totalKg' is assigned a value but never used        no-unused-vars
  Line 75:9:   'canjes' is assigned a value but never used         no-unused-vars
  Line 89:13:  'usuario' is assigned a value but never used        no-unused-vars

src\paneles\administrador\Recompensas.jsx
  Line 49:34:  React Hook useEffect has a missing dependency: 'cargar'. Either include it or remove the dependency array  react-hooks/exhaustive-deps

src\paneles\administrador\Usuarios.jsx
  Line 3:10:  'ALL_POINTS' is defined but never used                                                                                                                                                                                                             no-unused-vars
  Line 3:22:  'ZONAS' is defined but never used                                                                                                                                                                                                                  no-unused-vars
  Line 4:10:  'getRolCfg' is defined but never used                                                                                                                                                                                                              no-unused-vars
  Line 43:6:  React Hook useEffect has missing dependencies: 'dispatch' and 'showToast'. Either include them or remove the dependency array. If 'dispatch' changes too often, find the parent component that defines it and wrap that definition in useCallback  react-hooks/exhaustive-deps

src\paneles\encargado\Canjes.jsx
  Line 509:35:  'st' is assigned a value but never used  no-unused-vars

src\paneles\encargado\HistorialdeEntregas.jsx
  Line 5:13:    'S' is defined but never used                                           no-unused-vars
  Line 188:17:  Comments inside children section of tag should be placed inside braces  react/jsx-no-comment-textnodes

src\paneles\encargado\Notificaciones.jsx
  Line 2:16:  'Av' is defined but never used  no-unused-vars

src\paneles\encargado\PanelEncargado.jsx
  Line 31:9:  'navigate' is assigned a value but never used  no-unused-vars

src\paneles\superadmin\Sidebar.jsx
  Line 34:9:  'handleLogout' is assigned a value but never used  no-unused-vars

[39m[22m

webpack compiled with [1m[33m1 warning[39m[22m
Compiling...
Compiled with warnings.

[eslint] 
src\components\Topbar.jsx
  Line 29:9:  The href attribute requires a valid value to be accessible. Provide a valid, navigable address as the href value. If you cannot provide a valid href, but still need the element to resemble a link, use a button and change it with appropriate styles. Learn more: https://github.com/jsx-eslint/eslint-plugin-jsx-a11y/blob/HEAD/docs/rules/anchor-is-valid.md  jsx-a11y/anchor-is-valid

src\paneles\administrador\Encargados.jsx
  Line 311:13:  'resp' is assigned a value but never used  no-unused-vars

src\paneles\administrador\Materiales.jsx
  Line 13:7:   'COLORES_CANECA' is assigned a value but never used                                                                  no-unused-vars
  Line 33:44:  React Hook useEffect has a missing dependency: 'cargarMateriales'. Either include it or remove the dependency array  react-hooks/exhaustive-deps

src\paneles\administrador\Perfil.jsx
  Line 71:9:   'totalEntregas' is assigned a value but never used  no-unused-vars
  Line 73:9:   'totalKg' is assigned a value but never used        no-unused-vars
  Line 75:9:   'canjes' is assigned a value but never used         no-unused-vars
  Line 89:13:  'usuario' is assigned a value but never used        no-unused-vars

src\paneles\administrador\Recompensas.jsx
  Line 49:34:  React Hook useEffect has a missing dependency: 'cargar'. Either include it or remove the dependency array  react-hooks/exhaustive-deps

src\paneles\administrador\Usuarios.jsx
  Line 3:10:  'ALL_POINTS' is defined but never used                                                                                                                                                                                                             no-unused-vars
  Line 3:22:  'ZONAS' is defined but never used                                                                                                                                                                                                                  no-unused-vars
  Line 4:10:  'getRolCfg' is defined but never used                                                                                                                                                                                                              no-unused-vars
  Line 43:6:  React Hook useEffect has missing dependencies: 'dispatch' and 'showToast'. Either include them or remove the dependency array. If 'dispatch' changes too often, find the parent component that defines it and wrap that definition in useCallback  react-hooks/exhaustive-deps

src\paneles\encargado\Canjes.jsx
  Line 509:35:  'st' is assigned a value but never used  no-unused-vars

src\paneles\encargado\HistorialdeEntregas.jsx
  Line 5:13:    'S' is defined but never used                                           no-unused-vars
  Line 188:17:  Comments inside children section of tag should be placed inside braces  react/jsx-no-comment-textnodes

src\paneles\encargado\Notificaciones.jsx
  Line 2:16:  'Av' is defined but never used  no-unused-vars

src\paneles\encargado\PanelEncargado.jsx
  Line 31:9:  'navigate' is assigned a value but never used  no-unused-vars

src\paneles\superadmin\Sidebar.jsx
  Line 34:9:  'handleLogout' is assigned a value but never used  no-unused-vars

Search for the keywords to learn more about each warning.
To ignore, add // eslint-disable-next-line to the line before.

[1m[33mWARNING[39m[22m in [1m[eslint] 
src\components\Topbar.jsx
  Line 29:9:  The href attribute requires a valid value to be accessible. Provide a valid, navigable address as the href value. If you cannot provide a valid href, but still need the element to resemble a link, use a button and change it with appropriate styles. Learn more: https://github.com/jsx-eslint/eslint-plugin-jsx-a11y/blob/HEAD/docs/rules/anchor-is-valid.md  jsx-a11y/anchor-is-valid

src\paneles\administrador\Encargados.jsx
  Line 311:13:  'resp' is assigned a value but never used  no-unused-vars

src\paneles\administrador\Materiales.jsx
  Line 13:7:   'COLORES_CANECA' is assigned a value but never used                                                                  no-unused-vars
  Line 33:44:  React Hook useEffect has a missing dependency: 'cargarMateriales'. Either include it or remove the dependency array  react-hooks/exhaustive-deps

src\paneles\administrador\Perfil.jsx
  Line 71:9:   'totalEntregas' is assigned a value but never used  no-unused-vars
  Line 73:9:   'totalKg' is assigned a value but never used        no-unused-vars
  Line 75:9:   'canjes' is assigned a value but never used         no-unused-vars
  Line 89:13:  'usuario' is assigned a value but never used        no-unused-vars

src\paneles\administrador\Recompensas.jsx
  Line 49:34:  React Hook useEffect has a missing dependency: 'cargar'. Either include it or remove the dependency array  react-hooks/exhaustive-deps

src\paneles\administrador\Usuarios.jsx
  Line 3:10:  'ALL_POINTS' is defined but never used                                                                                                                                                                                                             no-unused-vars
  Line 3:22:  'ZONAS' is defined but never used                                                                                                                                                                                                                  no-unused-vars
  Line 4:10:  'getRolCfg' is defined but never used                                                                                                                                                                                                              no-unused-vars
  Line 43:6:  React Hook useEffect has missing dependencies: 'dispatch' and 'showToast'. Either include them or remove the dependency array. If 'dispatch' changes too often, find the parent component that defines it and wrap that definition in useCallback  react-hooks/exhaustive-deps

src\paneles\encargado\Canjes.jsx
  Line 509:35:  'st' is assigned a value but never used  no-unused-vars

src\paneles\encargado\HistorialdeEntregas.jsx
  Line 5:13:    'S' is defined but never used                                           no-unused-vars
  Line 188:17:  Comments inside children section of tag should be placed inside braces  react/jsx-no-comment-textnodes

src\paneles\encargado\Notificaciones.jsx
  Line 2:16:  'Av' is defined but never used  no-unused-vars

src\paneles\encargado\PanelEncargado.jsx
  Line 31:9:  'navigate' is assigned a value but never used  no-unused-vars

src\paneles\superadmin\Sidebar.jsx
  Line 34:9:  'handleLogout' is assigned a value but never used  no-unused-vars

[39m[22m

webpack compiled with [1m[33m1 warning[39m[22m
Compiling...
Compiled with warnings.

[eslint] 
src\components\Topbar.jsx
  Line 29:9:  The href attribute requires a valid value to be accessible. Provide a valid, navigable address as the href value. If you cannot provide a valid href, but still need the element to resemble a link, use a button and change it with appropriate styles. Learn more: https://github.com/jsx-eslint/eslint-plugin-jsx-a11y/blob/HEAD/docs/rules/anchor-is-valid.md  jsx-a11y/anchor-is-valid

src\paneles\administrador\Encargados.jsx
  Line 311:13:  'resp' is assigned a value but never used  no-unused-vars

src\paneles\administrador\Materiales.jsx
  Line 13:7:   'COLORES_CANECA' is assigned a value but never used                                                                  no-unused-vars
  Line 33:44:  React Hook useEffect has a missing dependency: 'cargarMateriales'. Either include it or remove the dependency array  react-hooks/exhaustive-deps

src\paneles\administrador\Perfil.jsx
  Line 71:9:   'totalEntregas' is assigned a value but never used  no-unused-vars
  Line 73:9:   'totalKg' is assigned a value but never used        no-unused-vars
  Line 75:9:   'canjes' is assigned a value but never used         no-unused-vars
  Line 89:13:  'usuario' is assigned a value but never used        no-unused-vars

src\paneles\administrador\Recompensas.jsx
  Line 49:34:  React Hook useEffect has a missing dependency: 'cargar'. Either include it or remove the dependency array  react-hooks/exhaustive-deps

src\paneles\administrador\Usuarios.jsx
  Line 3:10:  'ALL_POINTS' is defined but never used                                                                                                                                                                                                             no-unused-vars
  Line 3:22:  'ZONAS' is defined but never used                                                                                                                                                                                                                  no-unused-vars
  Line 4:10:  'getRolCfg' is defined but never used                                                                                                                                                                                                              no-unused-vars
  Line 43:6:  React Hook useEffect has missing dependencies: 'dispatch' and 'showToast'. Either include them or remove the dependency array. If 'dispatch' changes too often, find the parent component that defines it and wrap that definition in useCallback  react-hooks/exhaustive-deps

src\paneles\encargado\Canjes.jsx
  Line 509:35:  'st' is assigned a value but never used  no-unused-vars

src\paneles\encargado\HistorialdeEntregas.jsx
  Line 5:13:    'S' is defined but never used                                           no-unused-vars
  Line 188:17:  Comments inside children section of tag should be placed inside braces  react/jsx-no-comment-textnodes

src\paneles\encargado\Notificaciones.jsx
  Line 2:16:  'Av' is defined but never used  no-unused-vars

src\paneles\encargado\PanelEncargado.jsx
  Line 31:9:  'navigate' is assigned a value but never used  no-unused-vars

src\paneles\superadmin\Sidebar.jsx
  Line 34:9:  'handleLogout' is assigned a value but never used  no-unused-vars

Search for the keywords to learn more about each warning.
To ignore, add // eslint-disable-next-line to the line before.

[1m[33mWARNING[39m[22m in [1m[eslint] 
src\components\Topbar.jsx
  Line 29:9:  The href attribute requires a valid value to be accessible. Provide a valid, navigable address as the href value. If you cannot provide a valid href, but still need the element to resemble a link, use a button and change it with appropriate styles. Learn more: https://github.com/jsx-eslint/eslint-plugin-jsx-a11y/blob/HEAD/docs/rules/anchor-is-valid.md  jsx-a11y/anchor-is-valid

src\paneles\administrador\Encargados.jsx
  Line 311:13:  'resp' is assigned a value but never used  no-unused-vars

src\paneles\administrador\Materiales.jsx
  Line 13:7:   'COLORES_CANECA' is assigned a value but never used                                                                  no-unused-vars
  Line 33:44:  React Hook useEffect has a missing dependency: 'cargarMateriales'. Either include it or remove the dependency array  react-hooks/exhaustive-deps

src\paneles\administrador\Perfil.jsx
  Line 71:9:   'totalEntregas' is assigned a value but never used  no-unused-vars
  Line 73:9:   'totalKg' is assigned a value but never used        no-unused-vars
  Line 75:9:   'canjes' is assigned a value but never used         no-unused-vars
  Line 89:13:  'usuario' is assigned a value but never used        no-unused-vars

src\paneles\administrador\Recompensas.jsx
  Line 49:34:  React Hook useEffect has a missing dependency: 'cargar'. Either include it or remove the dependency array  react-hooks/exhaustive-deps

src\paneles\administrador\Usuarios.jsx
  Line 3:10:  'ALL_POINTS' is defined but never used                                                                                                                                                                                                             no-unused-vars
  Line 3:22:  'ZONAS' is defined but never used                                                                                                                                                                                                                  no-unused-vars
  Line 4:10:  'getRolCfg' is defined but never used                                                                                                                                                                                                              no-unused-vars
  Line 43:6:  React Hook useEffect has missing dependencies: 'dispatch' and 'showToast'. Either include them or remove the dependency array. If 'dispatch' changes too often, find the parent component that defines it and wrap that definition in useCallback  react-hooks/exhaustive-deps

src\paneles\encargado\Canjes.jsx
  Line 509:35:  'st' is assigned a value but never used  no-unused-vars

src\paneles\encargado\HistorialdeEntregas.jsx
  Line 5:13:    'S' is defined but never used                                           no-unused-vars
  Line 188:17:  Comments inside children section of tag should be placed inside braces  react/jsx-no-comment-textnodes

src\paneles\encargado\Notificaciones.jsx
  Line 2:16:  'Av' is defined but never used  no-unused-vars

src\paneles\encargado\PanelEncargado.jsx
  Line 31:9:  'navigate' is assigned a value but never used  no-unused-vars

src\paneles\superadmin\Sidebar.jsx
  Line 34:9:  'handleLogout' is assigned a value but never used  no-unused-vars

[39m[22m

webpack compiled with [1m[33m1 warning[39m[22m
Compiling...
Compiled with warnings.

[eslint] 
src\components\Topbar.jsx
  Line 29:9:  The href attribute requires a valid value to be accessible. Provide a valid, navigable address as the href value. If you cannot provide a valid href, but still need the element to resemble a link, use a button and change it with appropriate styles. Learn more: https://github.com/jsx-eslint/eslint-plugin-jsx-a11y/blob/HEAD/docs/rules/anchor-is-valid.md  jsx-a11y/anchor-is-valid

src\paneles\administrador\Encargados.jsx
  Line 311:13:  'resp' is assigned a value but never used  no-unused-vars

src\paneles\administrador\Materiales.jsx
  Line 13:7:   'COLORES_CANECA' is assigned a value but never used                                                                  no-unused-vars
  Line 33:44:  React Hook useEffect has a missing dependency: 'cargarMateriales'. Either include it or remove the dependency array  react-hooks/exhaustive-deps

src\paneles\administrador\Perfil.jsx
  Line 71:9:   'totalEntregas' is assigned a value but never used  no-unused-vars
  Line 73:9:   'totalKg' is assigned a value but never used        no-unused-vars
  Line 75:9:   'canjes' is assigned a value but never used         no-unused-vars
  Line 89:13:  'usuario' is assigned a value but never used        no-unused-vars

src\paneles\administrador\Recompensas.jsx
  Line 49:34:  React Hook useEffect has a missing dependency: 'cargar'. Either include it or remove the dependency array  react-hooks/exhaustive-deps

src\paneles\administrador\Usuarios.jsx
  Line 3:10:  'ALL_POINTS' is defined but never used                                                                                                                                                                                                             no-unused-vars
  Line 3:22:  'ZONAS' is defined but never used                                                                                                                                                                                                                  no-unused-vars
  Line 4:10:  'getRolCfg' is defined but never used                                                                                                                                                                                                              no-unused-vars
  Line 43:6:  React Hook useEffect has missing dependencies: 'dispatch' and 'showToast'. Either include them or remove the dependency array. If 'dispatch' changes too often, find the parent component that defines it and wrap that definition in useCallback  react-hooks/exhaustive-deps

src\paneles\encargado\Canjes.jsx
  Line 509:35:  'st' is assigned a value but never used  no-unused-vars

src\paneles\encargado\HistorialdeEntregas.jsx
  Line 5:13:    'S' is defined but never used                                           no-unused-vars
  Line 188:17:  Comments inside children section of tag should be placed inside braces  react/jsx-no-comment-textnodes

src\paneles\encargado\Notificaciones.jsx
  Line 2:16:  'Av' is defined but never used  no-unused-vars

src\paneles\encargado\PanelEncargado.jsx
  Line 31:9:  'navigate' is assigned a value but never used  no-unused-vars

src\paneles\superadmin\Sidebar.jsx
  Line 34:9:  'handleLogout' is assigned a value but never used  no-unused-vars

Search for the keywords to learn more about each warning.
To ignore, add // eslint-disable-next-line to the line before.

[1m[33mWARNING[39m[22m in [1m[eslint] 
src\components\Topbar.jsx
  Line 29:9:  The href attribute requires a valid value to be accessible. Provide a valid, navigable address as the href value. If you cannot provide a valid href, but still need the element to resemble a link, use a button and change it with appropriate styles. Learn more: https://github.com/jsx-eslint/eslint-plugin-jsx-a11y/blob/HEAD/docs/rules/anchor-is-valid.md  jsx-a11y/anchor-is-valid

src\paneles\administrador\Encargados.jsx
  Line 311:13:  'resp' is assigned a value but never used  no-unused-vars

src\paneles\administrador\Materiales.jsx
  Line 13:7:   'COLORES_CANECA' is assigned a value but never used                                                                  no-unused-vars
  Line 33:44:  React Hook useEffect has a missing dependency: 'cargarMateriales'. Either include it or remove the dependency array  react-hooks/exhaustive-deps

src\paneles\administrador\Perfil.jsx
  Line 71:9:   'totalEntregas' is assigned a value but never used  no-unused-vars
  Line 73:9:   'totalKg' is assigned a value but never used        no-unused-vars
  Line 75:9:   'canjes' is assigned a value but never used         no-unused-vars
  Line 89:13:  'usuario' is assigned a value but never used        no-unused-vars

src\paneles\administrador\Recompensas.jsx
  Line 49:34:  React Hook useEffect has a missing dependency: 'cargar'. Either include it or remove the dependency array  react-hooks/exhaustive-deps

src\paneles\administrador\Usuarios.jsx
  Line 3:10:  'ALL_POINTS' is defined but never used                                                                                                                                                                                                             no-unused-vars
  Line 3:22:  'ZONAS' is defined but never used                                                                                                                                                                                                                  no-unused-vars
  Line 4:10:  'getRolCfg' is defined but never used                                                                                                                                                                                                              no-unused-vars
  Line 43:6:  React Hook useEffect has missing dependencies: 'dispatch' and 'showToast'. Either include them or remove the dependency array. If 'dispatch' changes too often, find the parent component that defines it and wrap that definition in useCallback  react-hooks/exhaustive-deps

src\paneles\encargado\Canjes.jsx
  Line 509:35:  'st' is assigned a value but never used  no-unused-vars

src\paneles\encargado\HistorialdeEntregas.jsx
  Line 5:13:    'S' is defined but never used                                           no-unused-vars
  Line 188:17:  Comments inside children section of tag should be placed inside braces  react/jsx-no-comment-textnodes

src\paneles\encargado\Notificaciones.jsx
  Line 2:16:  'Av' is defined but never used  no-unused-vars

src\paneles\encargado\PanelEncargado.jsx
  Line 31:9:  'navigate' is assigned a value but never used  no-unused-vars

src\paneles\superadmin\Sidebar.jsx
  Line 34:9:  'handleLogout' is assigned a value but never used  no-unused-vars

[39m[22m

webpack compiled with [1m[33m1 warning[39m[22m
Compiling...
Compiled with warnings.

[eslint] 
src\components\Topbar.jsx
  Line 29:9:  The href attribute requires a valid value to be accessible. Provide a valid, navigable address as the href value. If you cannot provide a valid href, but still need the element to resemble a link, use a button and change it with appropriate styles. Learn more: https://github.com/jsx-eslint/eslint-plugin-jsx-a11y/blob/HEAD/docs/rules/anchor-is-valid.md  jsx-a11y/anchor-is-valid

src\paneles\administrador\Encargados.jsx
  Line 311:13:  'resp' is assigned a value but never used  no-unused-vars

src\paneles\administrador\Materiales.jsx
  Line 13:7:   'COLORES_CANECA' is assigned a value but never used                                                                  no-unused-vars
  Line 33:44:  React Hook useEffect has a missing dependency: 'cargarMateriales'. Either include it or remove the dependency array  react-hooks/exhaustive-deps

src\paneles\administrador\Perfil.jsx
  Line 71:9:   'totalEntregas' is assigned a value but never used  no-unused-vars
  Line 73:9:   'totalKg' is assigned a value but never used        no-unused-vars
  Line 75:9:   'canjes' is assigned a value but never used         no-unused-vars
  Line 89:13:  'usuario' is assigned a value but never used        no-unused-vars

src\paneles\administrador\Recompensas.jsx
  Line 49:34:  React Hook useEffect has a missing dependency: 'cargar'. Either include it or remove the dependency array  react-hooks/exhaustive-deps

src\paneles\administrador\Usuarios.jsx
  Line 3:10:  'ALL_POINTS' is defined but never used                                                                                                                                                                                                             no-unused-vars
  Line 3:22:  'ZONAS' is defined but never used                                                                                                                                                                                                                  no-unused-vars
  Line 4:10:  'getRolCfg' is defined but never used                                                                                                                                                                                                              no-unused-vars
  Line 43:6:  React Hook useEffect has missing dependencies: 'dispatch' and 'showToast'. Either include them or remove the dependency array. If 'dispatch' changes too often, find the parent component that defines it and wrap that definition in useCallback  react-hooks/exhaustive-deps

src\paneles\encargado\Canjes.jsx
  Line 509:35:  'st' is assigned a value but never used  no-unused-vars

src\paneles\encargado\HistorialdeEntregas.jsx
  Line 5:13:    'S' is defined but never used                                           no-unused-vars
  Line 188:17:  Comments inside children section of tag should be placed inside braces  react/jsx-no-comment-textnodes

src\paneles\encargado\Notificaciones.jsx
  Line 2:16:  'Av' is defined but never used  no-unused-vars

src\paneles\encargado\PanelEncargado.jsx
  Line 31:9:  'navigate' is assigned a value but never used  no-unused-vars

src\paneles\superadmin\Sidebar.jsx
  Line 34:9:  'handleLogout' is assigned a value but never used  no-unused-vars

Search for the keywords to learn more about each warning.
To ignore, add // eslint-disable-next-line to the line before.

[1m[33mWARNING[39m[22m in [1m[eslint] 
src\components\Topbar.jsx
  Line 29:9:  The href attribute requires a valid value to be accessible. Provide a valid, navigable address as the href value. If you cannot provide a valid href, but still need the element to resemble a link, use a button and change it with appropriate styles. Learn more: https://github.com/jsx-eslint/eslint-plugin-jsx-a11y/blob/HEAD/docs/rules/anchor-is-valid.md  jsx-a11y/anchor-is-valid

src\paneles\administrador\Encargados.jsx
  Line 311:13:  'resp' is assigned a value but never used  no-unused-vars

src\paneles\administrador\Materiales.jsx
  Line 13:7:   'COLORES_CANECA' is assigned a value but never used                                                                  no-unused-vars
  Line 33:44:  React Hook useEffect has a missing dependency: 'cargarMateriales'. Either include it or remove the dependency array  react-hooks/exhaustive-deps

src\paneles\administrador\Perfil.jsx
  Line 71:9:   'totalEntregas' is assigned a value but never used  no-unused-vars
  Line 73:9:   'totalKg' is assigned a value but never used        no-unused-vars
  Line 75:9:   'canjes' is assigned a value but never used         no-unused-vars
  Line 89:13:  'usuario' is assigned a value but never used        no-unused-vars

src\paneles\administrador\Recompensas.jsx
  Line 49:34:  React Hook useEffect has a missing dependency: 'cargar'. Either include it or remove the dependency array  react-hooks/exhaustive-deps

src\paneles\administrador\Usuarios.jsx
  Line 3:10:  'ALL_POINTS' is defined but never used                                                                                                                                                                                                             no-unused-vars
  Line 3:22:  'ZONAS' is defined but never used                                                                                                                                                                                                                  no-unused-vars
  Line 4:10:  'getRolCfg' is defined but never used                                                                                                                                                                                                              no-unused-vars
  Line 43:6:  React Hook useEffect has missing dependencies: 'dispatch' and 'showToast'. Either include them or remove the dependency array. If 'dispatch' changes too often, find the parent component that defines it and wrap that definition in useCallback  react-hooks/exhaustive-deps

src\paneles\encargado\Canjes.jsx
  Line 509:35:  'st' is assigned a value but never used  no-unused-vars

src\paneles\encargado\HistorialdeEntregas.jsx
  Line 5:13:    'S' is defined but never used                                           no-unused-vars
  Line 188:17:  Comments inside children section of tag should be placed inside braces  react/jsx-no-comment-textnodes

src\paneles\encargado\Notificaciones.jsx
  Line 2:16:  'Av' is defined but never used  no-unused-vars

src\paneles\encargado\PanelEncargado.jsx
  Line 31:9:  'navigate' is assigned a value but never used  no-unused-vars

src\paneles\superadmin\Sidebar.jsx
  Line 34:9:  'handleLogout' is assigned a value but never used  no-unused-vars

[39m[22m

webpack compiled with [1m[33m1 warning[39m[22m
Compiling...
Compiled with warnings.

[eslint] 
src\components\Topbar.jsx
  Line 29:9:  The href attribute requires a valid value to be accessible. Provide a valid, navigable address as the href value. If you cannot provide a valid href, but still need the element to resemble a link, use a button and change it with appropriate styles. Learn more: https://github.com/jsx-eslint/eslint-plugin-jsx-a11y/blob/HEAD/docs/rules/anchor-is-valid.md  jsx-a11y/anchor-is-valid

src\paneles\administrador\Encargados.jsx
  Line 311:13:  'resp' is assigned a value but never used  no-unused-vars

src\paneles\administrador\Materiales.jsx
  Line 13:7:   'COLORES_CANECA' is assigned a value but never used                                                                  no-unused-vars
  Line 33:44:  React Hook useEffect has a missing dependency: 'cargarMateriales'. Either include it or remove the dependency array  react-hooks/exhaustive-deps

src\paneles\administrador\Perfil.jsx
  Line 71:9:   'totalEntregas' is assigned a value but never used  no-unused-vars
  Line 73:9:   'totalKg' is assigned a value but never used        no-unused-vars
  Line 75:9:   'canjes' is assigned a value but never used         no-unused-vars
  Line 89:13:  'usuario' is assigned a value but never used        no-unused-vars

src\paneles\administrador\Recompensas.jsx
  Line 49:34:  React Hook useEffect has a missing dependency: 'cargar'. Either include it or remove the dependency array  react-hooks/exhaustive-deps

src\paneles\administrador\Usuarios.jsx
  Line 3:10:  'ALL_POINTS' is defined but never used                                                                                                                                                                                                             no-unused-vars
  Line 3:22:  'ZONAS' is defined but never used                                                                                                                                                                                                                  no-unused-vars
  Line 4:10:  'getRolCfg' is defined but never used                                                                                                                                                                                                              no-unused-vars
  Line 43:6:  React Hook useEffect has missing dependencies: 'dispatch' and 'showToast'. Either include them or remove the dependency array. If 'dispatch' changes too often, find the parent component that defines it and wrap that definition in useCallback  react-hooks/exhaustive-deps

src\paneles\encargado\Canjes.jsx
  Line 509:35:  'st' is assigned a value but never used  no-unused-vars

src\paneles\encargado\HistorialdeEntregas.jsx
  Line 5:13:    'S' is defined but never used                                           no-unused-vars
  Line 188:17:  Comments inside children section of tag should be placed inside braces  react/jsx-no-comment-textnodes

src\paneles\encargado\Notificaciones.jsx
  Line 2:16:  'Av' is defined but never used  no-unused-vars

src\paneles\encargado\PanelEncargado.jsx
  Line 31:9:  'navigate' is assigned a value but never used  no-unused-vars

src\paneles\superadmin\Sidebar.jsx
  Line 34:9:  'handleLogout' is assigned a value but never used  no-unused-vars

Search for the keywords to learn more about each warning.
To ignore, add // eslint-disable-next-line to the line before.

[1m[33mWARNING[39m[22m in [1m[eslint] 
src\components\Topbar.jsx
  Line 29:9:  The href attribute requires a valid value to be accessible. Provide a valid, navigable address as the href value. If you cannot provide a valid href, but still need the element to resemble a link, use a button and change it with appropriate styles. Learn more: https://github.com/jsx-eslint/eslint-plugin-jsx-a11y/blob/HEAD/docs/rules/anchor-is-valid.md  jsx-a11y/anchor-is-valid

src\paneles\administrador\Encargados.jsx
  Line 311:13:  'resp' is assigned a value but never used  no-unused-vars

src\paneles\administrador\Materiales.jsx
  Line 13:7:   'COLORES_CANECA' is assigned a value but never used                                                                  no-unused-vars
  Line 33:44:  React Hook useEffect has a missing dependency: 'cargarMateriales'. Either include it or remove the dependency array  react-hooks/exhaustive-deps

src\paneles\administrador\Perfil.jsx
  Line 71:9:   'totalEntregas' is assigned a value but never used  no-unused-vars
  Line 73:9:   'totalKg' is assigned a value but never used        no-unused-vars
  Line 75:9:   'canjes' is assigned a value but never used         no-unused-vars
  Line 89:13:  'usuario' is assigned a value but never used        no-unused-vars

src\paneles\administrador\Recompensas.jsx
  Line 49:34:  React Hook useEffect has a missing dependency: 'cargar'. Either include it or remove the dependency array  react-hooks/exhaustive-deps

src\paneles\administrador\Usuarios.jsx
  Line 3:10:  'ALL_POINTS' is defined but never used                                                                                                                                                                                                             no-unused-vars
  Line 3:22:  'ZONAS' is defined but never used                                                                                                                                                                                                                  no-unused-vars
  Line 4:10:  'getRolCfg' is defined but never used                                                                                                                                                                                                              no-unused-vars
  Line 43:6:  React Hook useEffect has missing dependencies: 'dispatch' and 'showToast'. Either include them or remove the dependency array. If 'dispatch' changes too often, find the parent component that defines it and wrap that definition in useCallback  react-hooks/exhaustive-deps

src\paneles\encargado\Canjes.jsx
  Line 509:35:  'st' is assigned a value but never used  no-unused-vars

src\paneles\encargado\HistorialdeEntregas.jsx
  Line 5:13:    'S' is defined but never used                                           no-unused-vars
  Line 188:17:  Comments inside children section of tag should be placed inside braces  react/jsx-no-comment-textnodes

src\paneles\encargado\Notificaciones.jsx
  Line 2:16:  'Av' is defined but never used  no-unused-vars

src\paneles\encargado\PanelEncargado.jsx
  Line 31:9:  'navigate' is assigned a value but never used  no-unused-vars

src\paneles\superadmin\Sidebar.jsx
  Line 34:9:  'handleLogout' is assigned a value but never used  no-unused-vars

[39m[22m

webpack compiled with [1m[33m1 warning[39m[22m
Compiling...
Compiled with warnings.

[eslint] 
src\components\Topbar.jsx
  Line 29:9:  The href attribute requires a valid value to be accessible. Provide a valid, navigable address as the href value. If you cannot provide a valid href, but still need the element to resemble a link, use a button and change it with appropriate styles. Learn more: https://github.com/jsx-eslint/eslint-plugin-jsx-a11y/blob/HEAD/docs/rules/anchor-is-valid.md  jsx-a11y/anchor-is-valid

src\paneles\administrador\Encargados.jsx
  Line 311:13:  'resp' is assigned a value but never used  no-unused-vars

src\paneles\administrador\Materiales.jsx
  Line 13:7:   'COLORES_CANECA' is assigned a value but never used                                                                  no-unused-vars
  Line 33:44:  React Hook useEffect has a missing dependency: 'cargarMateriales'. Either include it or remove the dependency array  react-hooks/exhaustive-deps

src\paneles\administrador\Perfil.jsx
  Line 71:9:   'totalEntregas' is assigned a value but never used  no-unused-vars
  Line 73:9:   'totalKg' is assigned a value but never used        no-unused-vars
  Line 75:9:   'canjes' is assigned a value but never used         no-unused-vars
  Line 89:13:  'usuario' is assigned a value but never used        no-unused-vars

src\paneles\administrador\Recompensas.jsx
  Line 49:34:  React Hook useEffect has a missing dependency: 'cargar'. Either include it or remove the dependency array  react-hooks/exhaustive-deps

src\paneles\administrador\Usuarios.jsx
  Line 3:10:  'ALL_POINTS' is defined but never used                                                                                                                                                                                                             no-unused-vars
  Line 3:22:  'ZONAS' is defined but never used                                                                                                                                                                                                                  no-unused-vars
  Line 4:10:  'getRolCfg' is defined but never used                                                                                                                                                                                                              no-unused-vars
  Line 43:6:  React Hook useEffect has missing dependencies: 'dispatch' and 'showToast'. Either include them or remove the dependency array. If 'dispatch' changes too often, find the parent component that defines it and wrap that definition in useCallback  react-hooks/exhaustive-deps

src\paneles\encargado\Canjes.jsx
  Line 509:35:  'st' is assigned a value but never used  no-unused-vars

src\paneles\encargado\HistorialdeEntregas.jsx
  Line 5:13:    'S' is defined but never used                                           no-unused-vars
  Line 188:17:  Comments inside children section of tag should be placed inside braces  react/jsx-no-comment-textnodes

src\paneles\encargado\Notificaciones.jsx
  Line 2:16:  'Av' is defined but never used  no-unused-vars

src\paneles\encargado\PanelEncargado.jsx
  Line 31:9:  'navigate' is assigned a value but never used  no-unused-vars

src\paneles\superadmin\Sidebar.jsx
  Line 34:9:  'handleLogout' is assigned a value but never used  no-unused-vars

Search for the keywords to learn more about each warning.
To ignore, add // eslint-disable-next-line to the line before.

[1m[33mWARNING[39m[22m in [1m[eslint] 
src\components\Topbar.jsx
  Line 29:9:  The href attribute requires a valid value to be accessible. Provide a valid, navigable address as the href value. If you cannot provide a valid href, but still need the element to resemble a link, use a button and change it with appropriate styles. Learn more: https://github.com/jsx-eslint/eslint-plugin-jsx-a11y/blob/HEAD/docs/rules/anchor-is-valid.md  jsx-a11y/anchor-is-valid

src\paneles\administrador\Encargados.jsx
  Line 311:13:  'resp' is assigned a value but never used  no-unused-vars

src\paneles\administrador\Materiales.jsx
  Line 13:7:   'COLORES_CANECA' is assigned a value but never used                                                                  no-unused-vars
  Line 33:44:  React Hook useEffect has a missing dependency: 'cargarMateriales'. Either include it or remove the dependency array  react-hooks/exhaustive-deps

src\paneles\administrador\Perfil.jsx
  Line 71:9:   'totalEntregas' is assigned a value but never used  no-unused-vars
  Line 73:9:   'totalKg' is assigned a value but never used        no-unused-vars
  Line 75:9:   'canjes' is assigned a value but never used         no-unused-vars
  Line 89:13:  'usuario' is assigned a value but never used        no-unused-vars

src\paneles\administrador\Recompensas.jsx
  Line 49:34:  React Hook useEffect has a missing dependency: 'cargar'. Either include it or remove the dependency array  react-hooks/exhaustive-deps

src\paneles\administrador\Usuarios.jsx
  Line 3:10:  'ALL_POINTS' is defined but never used                                                                                                                                                                                                             no-unused-vars
  Line 3:22:  'ZONAS' is defined but never used                                                                                                                                                                                                                  no-unused-vars
  Line 4:10:  'getRolCfg' is defined but never used                                                                                                                                                                                                              no-unused-vars
  Line 43:6:  React Hook useEffect has missing dependencies: 'dispatch' and 'showToast'. Either include them or remove the dependency array. If 'dispatch' changes too often, find the parent component that defines it and wrap that definition in useCallback  react-hooks/exhaustive-deps

src\paneles\encargado\Canjes.jsx
  Line 509:35:  'st' is assigned a value but never used  no-unused-vars

src\paneles\encargado\HistorialdeEntregas.jsx
  Line 5:13:    'S' is defined but never used                                           no-unused-vars
  Line 188:17:  Comments inside children section of tag should be placed inside braces  react/jsx-no-comment-textnodes

src\paneles\encargado\Notificaciones.jsx
  Line 2:16:  'Av' is defined but never used  no-unused-vars

src\paneles\encargado\PanelEncargado.jsx
  Line 31:9:  'navigate' is assigned a value but never used  no-unused-vars

src\paneles\superadmin\Sidebar.jsx
  Line 34:9:  'handleLogout' is assigned a value but never used  no-unused-vars

[39m[22m

webpack compiled with [1m[33m1 warning[39m[22m
Compiling...
Compiled with warnings.

[eslint] 
src\components\Topbar.jsx
  Line 29:9:  The href attribute requires a valid value to be accessible. Provide a valid, navigable address as the href value. If you cannot provide a valid href, but still need the element to resemble a link, use a button and change it with appropriate styles. Learn more: https://github.com/jsx-eslint/eslint-plugin-jsx-a11y/blob/HEAD/docs/rules/anchor-is-valid.md  jsx-a11y/anchor-is-valid

src\paneles\administrador\Encargados.jsx
  Line 311:13:  'resp' is assigned a value but never used  no-unused-vars

src\paneles\administrador\Materiales.jsx
  Line 13:7:   'COLORES_CANECA' is assigned a value but never used                                                                  no-unused-vars
  Line 33:44:  React Hook useEffect has a missing dependency: 'cargarMateriales'. Either include it or remove the dependency array  react-hooks/exhaustive-deps

src\paneles\administrador\Perfil.jsx
  Line 71:9:   'totalEntregas' is assigned a value but never used  no-unused-vars
  Line 73:9:   'totalKg' is assigned a value but never used        no-unused-vars
  Line 75:9:   'canjes' is assigned a value but never used         no-unused-vars
  Line 89:13:  'usuario' is assigned a value but never used        no-unused-vars

src\paneles\administrador\Recompensas.jsx
  Line 49:34:  React Hook useEffect has a missing dependency: 'cargar'. Either include it or remove the dependency array  react-hooks/exhaustive-deps

src\paneles\administrador\Usuarios.jsx
  Line 3:10:  'ALL_POINTS' is defined but never used                                                                                                                                                                                                             no-unused-vars
  Line 3:22:  'ZONAS' is defined but never used                                                                                                                                                                                                                  no-unused-vars
  Line 4:10:  'getRolCfg' is defined but never used                                                                                                                                                                                                              no-unused-vars
  Line 43:6:  React Hook useEffect has missing dependencies: 'dispatch' and 'showToast'. Either include them or remove the dependency array. If 'dispatch' changes too often, find the parent component that defines it and wrap that definition in useCallback  react-hooks/exhaustive-deps

src\paneles\encargado\Canjes.jsx
  Line 509:35:  'st' is assigned a value but never used  no-unused-vars

src\paneles\encargado\HistorialdeEntregas.jsx
  Line 5:13:    'S' is defined but never used                                           no-unused-vars
  Line 188:17:  Comments inside children section of tag should be placed inside braces  react/jsx-no-comment-textnodes

src\paneles\encargado\Notificaciones.jsx
  Line 2:16:  'Av' is defined but never used  no-unused-vars

src\paneles\encargado\PanelEncargado.jsx
  Line 31:9:  'navigate' is assigned a value but never used  no-unused-vars

src\paneles\superadmin\Sidebar.jsx
  Line 34:9:  'handleLogout' is assigned a value but never used  no-unused-vars

Search for the keywords to learn more about each warning.
To ignore, add // eslint-disable-next-line to the line before.

[1m[33mWARNING[39m[22m in [1m[eslint] 
src\components\Topbar.jsx
  Line 29:9:  The href attribute requires a valid value to be accessible. Provide a valid, navigable address as the href value. If you cannot provide a valid href, but still need the element to resemble a link, use a button and change it with appropriate styles. Learn more: https://github.com/jsx-eslint/eslint-plugin-jsx-a11y/blob/HEAD/docs/rules/anchor-is-valid.md  jsx-a11y/anchor-is-valid

src\paneles\administrador\Encargados.jsx
  Line 311:13:  'resp' is assigned a value but never used  no-unused-vars

src\paneles\administrador\Materiales.jsx
  Line 13:7:   'COLORES_CANECA' is assigned a value but never used                                                                  no-unused-vars
  Line 33:44:  React Hook useEffect has a missing dependency: 'cargarMateriales'. Either include it or remove the dependency array  react-hooks/exhaustive-deps

src\paneles\administrador\Perfil.jsx
  Line 71:9:   'totalEntregas' is assigned a value but never used  no-unused-vars
  Line 73:9:   'totalKg' is assigned a value but never used        no-unused-vars
  Line 75:9:   'canjes' is assigned a value but never used         no-unused-vars
  Line 89:13:  'usuario' is assigned a value but never used        no-unused-vars

src\paneles\administrador\Recompensas.jsx
  Line 49:34:  React Hook useEffect has a missing dependency: 'cargar'. Either include it or remove the dependency array  react-hooks/exhaustive-deps

src\paneles\administrador\Usuarios.jsx
  Line 3:10:  'ALL_POINTS' is defined but never used                                                                                                                                                                                                             no-unused-vars
  Line 3:22:  'ZONAS' is defined but never used                                                                                                                                                                                                                  no-unused-vars
  Line 4:10:  'getRolCfg' is defined but never used                                                                                                                                                                                                              no-unused-vars
  Line 43:6:  React Hook useEffect has missing dependencies: 'dispatch' and 'showToast'. Either include them or remove the dependency array. If 'dispatch' changes too often, find the parent component that defines it and wrap that definition in useCallback  react-hooks/exhaustive-deps

src\paneles\encargado\Canjes.jsx
  Line 509:35:  'st' is assigned a value but never used  no-unused-vars

src\paneles\encargado\HistorialdeEntregas.jsx
  Line 5:13:    'S' is defined but never used                                           no-unused-vars
  Line 188:17:  Comments inside children section of tag should be placed inside braces  react/jsx-no-comment-textnodes

src\paneles\encargado\Notificaciones.jsx
  Line 2:16:  'Av' is defined but never used  no-unused-vars

src\paneles\encargado\PanelEncargado.jsx
  Line 31:9:  'navigate' is assigned a value but never used  no-unused-vars

src\paneles\superadmin\Sidebar.jsx
  Line 34:9:  'handleLogout' is assigned a value but never used  no-unused-vars

[39m[22m

webpack compiled with [1m[33m1 warning[39m[22m
Compiling...
Compiled with warnings.

[eslint] 
src\components\Topbar.jsx
  Line 29:9:  The href attribute requires a valid value to be accessible. Provide a valid, navigable address as the href value. If you cannot provide a valid href, but still need the element to resemble a link, use a button and change it with appropriate styles. Learn more: https://github.com/jsx-eslint/eslint-plugin-jsx-a11y/blob/HEAD/docs/rules/anchor-is-valid.md  jsx-a11y/anchor-is-valid

src\paneles\administrador\Encargados.jsx
  Line 311:13:  'resp' is assigned a value but never used  no-unused-vars

src\paneles\administrador\Materiales.jsx
  Line 13:7:   'COLORES_CANECA' is assigned a value but never used                                                                  no-unused-vars
  Line 33:44:  React Hook useEffect has a missing dependency: 'cargarMateriales'. Either include it or remove the dependency array  react-hooks/exhaustive-deps

src\paneles\administrador\Perfil.jsx
  Line 71:9:   'totalEntregas' is assigned a value but never used  no-unused-vars
  Line 73:9:   'totalKg' is assigned a value but never used        no-unused-vars
  Line 75:9:   'canjes' is assigned a value but never used         no-unused-vars
  Line 89:13:  'usuario' is assigned a value but never used        no-unused-vars

src\paneles\administrador\Recompensas.jsx
  Line 49:34:  React Hook useEffect has a missing dependency: 'cargar'. Either include it or remove the dependency array  react-hooks/exhaustive-deps

src\paneles\administrador\Usuarios.jsx
  Line 3:10:  'ALL_POINTS' is defined but never used                                                                                                                                                                                                             no-unused-vars
  Line 3:22:  'ZONAS' is defined but never used                                                                                                                                                                                                                  no-unused-vars
  Line 4:10:  'getRolCfg' is defined but never used                                                                                                                                                                                                              no-unused-vars
  Line 43:6:  React Hook useEffect has missing dependencies: 'dispatch' and 'showToast'. Either include them or remove the dependency array. If 'dispatch' changes too often, find the parent component that defines it and wrap that definition in useCallback  react-hooks/exhaustive-deps

src\paneles\encargado\Canjes.jsx
  Line 509:35:  'st' is assigned a value but never used  no-unused-vars

src\paneles\encargado\HistorialdeEntregas.jsx
  Line 5:13:    'S' is defined but never used                                           no-unused-vars
  Line 188:17:  Comments inside children section of tag should be placed inside braces  react/jsx-no-comment-textnodes

src\paneles\encargado\Notificaciones.jsx
  Line 2:16:  'Av' is defined but never used  no-unused-vars

src\paneles\encargado\PanelEncargado.jsx
  Line 31:9:  'navigate' is assigned a value but never used  no-unused-vars

src\paneles\superadmin\Sidebar.jsx
  Line 34:9:  'handleLogout' is assigned a value but never used  no-unused-vars

Search for the keywords to learn more about each warning.
To ignore, add // eslint-disable-next-line to the line before.

[1m[33mWARNING[39m[22m in [1m[eslint] 
src\components\Topbar.jsx
  Line 29:9:  The href attribute requires a valid value to be accessible. Provide a valid, navigable address as the href value. If you cannot provide a valid href, but still need the element to resemble a link, use a button and change it with appropriate styles. Learn more: https://github.com/jsx-eslint/eslint-plugin-jsx-a11y/blob/HEAD/docs/rules/anchor-is-valid.md  jsx-a11y/anchor-is-valid

src\paneles\administrador\Encargados.jsx
  Line 311:13:  'resp' is assigned a value but never used  no-unused-vars

src\paneles\administrador\Materiales.jsx
  Line 13:7:   'COLORES_CANECA' is assigned a value but never used                                                                  no-unused-vars
  Line 33:44:  React Hook useEffect has a missing dependency: 'cargarMateriales'. Either include it or remove the dependency array  react-hooks/exhaustive-deps

src\paneles\administrador\Perfil.jsx
  Line 71:9:   'totalEntregas' is assigned a value but never used  no-unused-vars
  Line 73:9:   'totalKg' is assigned a value but never used        no-unused-vars
  Line 75:9:   'canjes' is assigned a value but never used         no-unused-vars
  Line 89:13:  'usuario' is assigned a value but never used        no-unused-vars

src\paneles\administrador\Recompensas.jsx
  Line 49:34:  React Hook useEffect has a missing dependency: 'cargar'. Either include it or remove the dependency array  react-hooks/exhaustive-deps

src\paneles\administrador\Usuarios.jsx
  Line 3:10:  'ALL_POINTS' is defined but never used                                                                                                                                                                                                             no-unused-vars
  Line 3:22:  'ZONAS' is defined but never used                                                                                                                                                                                                                  no-unused-vars
  Line 4:10:  'getRolCfg' is defined but never used                                                                                                                                                                                                              no-unused-vars
  Line 43:6:  React Hook useEffect has missing dependencies: 'dispatch' and 'showToast'. Either include them or remove the dependency array. If 'dispatch' changes too often, find the parent component that defines it and wrap that definition in useCallback  react-hooks/exhaustive-deps

src\paneles\encargado\Canjes.jsx
  Line 509:35:  'st' is assigned a value but never used  no-unused-vars

src\paneles\encargado\HistorialdeEntregas.jsx
  Line 5:13:    'S' is defined but never used                                           no-unused-vars
  Line 188:17:  Comments inside children section of tag should be placed inside braces  react/jsx-no-comment-textnodes

src\paneles\encargado\Notificaciones.jsx
  Line 2:16:  'Av' is defined but never used  no-unused-vars

src\paneles\encargado\PanelEncargado.jsx
  Line 31:9:  'navigate' is assigned a value but never used  no-unused-vars

src\paneles\superadmin\Sidebar.jsx
  Line 34:9:  'handleLogout' is assigned a value but never used  no-unused-vars

[39m[22m

webpack compiled with [1m[33m1 warning[39m[22m
Compiling...
Compiled with warnings.

[eslint] 
src\components\Topbar.jsx
  Line 29:9:  The href attribute requires a valid value to be accessible. Provide a valid, navigable address as the href value. If you cannot provide a valid href, but still need the element to resemble a link, use a button and change it with appropriate styles. Learn more: https://github.com/jsx-eslint/eslint-plugin-jsx-a11y/blob/HEAD/docs/rules/anchor-is-valid.md  jsx-a11y/anchor-is-valid

src\paneles\administrador\Encargados.jsx
  Line 311:13:  'resp' is assigned a value but never used  no-unused-vars

src\paneles\administrador\Materiales.jsx
  Line 13:7:   'COLORES_CANECA' is assigned a value but never used                                                                  no-unused-vars
  Line 33:44:  React Hook useEffect has a missing dependency: 'cargarMateriales'. Either include it or remove the dependency array  react-hooks/exhaustive-deps

src\paneles\administrador\Perfil.jsx
  Line 71:9:   'totalEntregas' is assigned a value but never used  no-unused-vars
  Line 73:9:   'totalKg' is assigned a value but never used        no-unused-vars
  Line 75:9:   'canjes' is assigned a value but never used         no-unused-vars
  Line 89:13:  'usuario' is assigned a value but never used        no-unused-vars

src\paneles\administrador\Recompensas.jsx
  Line 49:34:  React Hook useEffect has a missing dependency: 'cargar'. Either include it or remove the dependency array  react-hooks/exhaustive-deps

src\paneles\administrador\Usuarios.jsx
  Line 3:10:  'ALL_POINTS' is defined but never used                                                                                                                                                                                                             no-unused-vars
  Line 3:22:  'ZONAS' is defined but never used                                                                                                                                                                                                                  no-unused-vars
  Line 4:10:  'getRolCfg' is defined but never used                                                                                                                                                                                                              no-unused-vars
  Line 43:6:  React Hook useEffect has missing dependencies: 'dispatch' and 'showToast'. Either include them or remove the dependency array. If 'dispatch' changes too often, find the parent component that defines it and wrap that definition in useCallback  react-hooks/exhaustive-deps

src\paneles\encargado\Canjes.jsx
  Line 509:35:  'st' is assigned a value but never used  no-unused-vars

src\paneles\encargado\HistorialdeEntregas.jsx
  Line 5:13:    'S' is defined but never used                                           no-unused-vars
  Line 188:17:  Comments inside children section of tag should be placed inside braces  react/jsx-no-comment-textnodes

src\paneles\encargado\Notificaciones.jsx
  Line 2:16:   'Av' is defined but never used                          no-unused-vars
  Line 3:130:  'getReservaDetalleEncargado' is defined but never used  no-unused-vars

src\paneles\encargado\PanelEncargado.jsx
  Line 31:9:  'navigate' is assigned a value but never used  no-unused-vars

src\paneles\superadmin\Sidebar.jsx
  Line 34:9:  'handleLogout' is assigned a value but never used  no-unused-vars

Search for the keywords to learn more about each warning.
To ignore, add // eslint-disable-next-line to the line before.

[1m[33mWARNING[39m[22m in [1m[eslint] 
src\components\Topbar.jsx
  Line 29:9:  The href attribute requires a valid value to be accessible. Provide a valid, navigable address as the href value. If you cannot provide a valid href, but still need the element to resemble a link, use a button and change it with appropriate styles. Learn more: https://github.com/jsx-eslint/eslint-plugin-jsx-a11y/blob/HEAD/docs/rules/anchor-is-valid.md  jsx-a11y/anchor-is-valid

src\paneles\administrador\Encargados.jsx
  Line 311:13:  'resp' is assigned a value but never used  no-unused-vars

src\paneles\administrador\Materiales.jsx
  Line 13:7:   'COLORES_CANECA' is assigned a value but never used                                                                  no-unused-vars
  Line 33:44:  React Hook useEffect has a missing dependency: 'cargarMateriales'. Either include it or remove the dependency array  react-hooks/exhaustive-deps

src\paneles\administrador\Perfil.jsx
  Line 71:9:   'totalEntregas' is assigned a value but never used  no-unused-vars
  Line 73:9:   'totalKg' is assigned a value but never used        no-unused-vars
  Line 75:9:   'canjes' is assigned a value but never used         no-unused-vars
  Line 89:13:  'usuario' is assigned a value but never used        no-unused-vars

src\paneles\administrador\Recompensas.jsx
  Line 49:34:  React Hook useEffect has a missing dependency: 'cargar'. Either include it or remove the dependency array  react-hooks/exhaustive-deps

src\paneles\administrador\Usuarios.jsx
  Line 3:10:  'ALL_POINTS' is defined but never used                                                                                                                                                                                                             no-unused-vars
  Line 3:22:  'ZONAS' is defined but never used                                                                                                                                                                                                                  no-unused-vars
  Line 4:10:  'getRolCfg' is defined but never used                                                                                                                                                                                                              no-unused-vars
  Line 43:6:  React Hook useEffect has missing dependencies: 'dispatch' and 'showToast'. Either include them or remove the dependency array. If 'dispatch' changes too often, find the parent component that defines it and wrap that definition in useCallback  react-hooks/exhaustive-deps

src\paneles\encargado\Canjes.jsx
  Line 509:35:  'st' is assigned a value but never used  no-unused-vars

src\paneles\encargado\HistorialdeEntregas.jsx
  Line 5:13:    'S' is defined but never used                                           no-unused-vars
  Line 188:17:  Comments inside children section of tag should be placed inside braces  react/jsx-no-comment-textnodes

src\paneles\encargado\Notificaciones.jsx
  Line 2:16:   'Av' is defined but never used                          no-unused-vars
  Line 3:130:  'getReservaDetalleEncargado' is defined but never used  no-unused-vars

src\paneles\encargado\PanelEncargado.jsx
  Line 31:9:  'navigate' is assigned a value but never used  no-unused-vars

src\paneles\superadmin\Sidebar.jsx
  Line 34:9:  'handleLogout' is assigned a value but never used  no-unused-vars

[39m[22m

webpack compiled with [1m[33m1 warning[39m[22m
Compiling...
Compiled with warnings.

[eslint] 
src\components\Topbar.jsx
  Line 29:9:  The href attribute requires a valid value to be accessible. Provide a valid, navigable address as the href value. If you cannot provide a valid href, but still need the element to resemble a link, use a button and change it with appropriate styles. Learn more: https://github.com/jsx-eslint/eslint-plugin-jsx-a11y/blob/HEAD/docs/rules/anchor-is-valid.md  jsx-a11y/anchor-is-valid

src\paneles\administrador\Encargados.jsx
  Line 311:13:  'resp' is assigned a value but never used  no-unused-vars

src\paneles\administrador\Materiales.jsx
  Line 13:7:   'COLORES_CANECA' is assigned a value but never used                                                                  no-unused-vars
  Line 33:44:  React Hook useEffect has a missing dependency: 'cargarMateriales'. Either include it or remove the dependency array  react-hooks/exhaustive-deps

src\paneles\administrador\Perfil.jsx
  Line 71:9:   'totalEntregas' is assigned a value but never used  no-unused-vars
  Line 73:9:   'totalKg' is assigned a value but never used        no-unused-vars
  Line 75:9:   'canjes' is assigned a value but never used         no-unused-vars
  Line 89:13:  'usuario' is assigned a value but never used        no-unused-vars

src\paneles\administrador\Recompensas.jsx
  Line 49:34:  React Hook useEffect has a missing dependency: 'cargar'. Either include it or remove the dependency array  react-hooks/exhaustive-deps

src\paneles\administrador\Usuarios.jsx
  Line 3:10:  'ALL_POINTS' is defined but never used                                                                                                                                                                                                             no-unused-vars
  Line 3:22:  'ZONAS' is defined but never used                                                                                                                                                                                                                  no-unused-vars
  Line 4:10:  'getRolCfg' is defined but never used                                                                                                                                                                                                              no-unused-vars
  Line 43:6:  React Hook useEffect has missing dependencies: 'dispatch' and 'showToast'. Either include them or remove the dependency array. If 'dispatch' changes too often, find the parent component that defines it and wrap that definition in useCallback  react-hooks/exhaustive-deps

src\paneles\encargado\Canjes.jsx
  Line 509:35:  'st' is assigned a value but never used  no-unused-vars

src\paneles\encargado\HistorialdeEntregas.jsx
  Line 5:13:    'S' is defined but never used                                           no-unused-vars
  Line 188:17:  Comments inside children section of tag should be placed inside braces  react/jsx-no-comment-textnodes

src\paneles\encargado\Notificaciones.jsx
  Line 2:16:   'Av' is defined but never used                           no-unused-vars
  Line 3:130:  'getReservaDetalleEncargado' is defined but never used   no-unused-vars
  Line 33:10:  'detalleReserva' is assigned a value but never used      no-unused-vars
  Line 33:26:  'setDetalleReserva' is assigned a value but never used   no-unused-vars
  Line 34:10:  'cargandoDetalle' is assigned a value but never used     no-unused-vars
  Line 34:27:  'setCargandoDetalle' is assigned a value but never used  no-unused-vars

src\paneles\encargado\PanelEncargado.jsx
  Line 31:9:  'navigate' is assigned a value but never used  no-unused-vars

src\paneles\superadmin\Sidebar.jsx
  Line 34:9:  'handleLogout' is assigned a value but never used  no-unused-vars

Search for the keywords to learn more about each warning.
To ignore, add // eslint-disable-next-line to the line before.

[1m[33mWARNING[39m[22m in [1m[eslint] 
src\components\Topbar.jsx
  Line 29:9:  The href attribute requires a valid value to be accessible. Provide a valid, navigable address as the href value. If you cannot provide a valid href, but still need the element to resemble a link, use a button and change it with appropriate styles. Learn more: https://github.com/jsx-eslint/eslint-plugin-jsx-a11y/blob/HEAD/docs/rules/anchor-is-valid.md  jsx-a11y/anchor-is-valid

src\paneles\administrador\Encargados.jsx
  Line 311:13:  'resp' is assigned a value but never used  no-unused-vars

src\paneles\administrador\Materiales.jsx
  Line 13:7:   'COLORES_CANECA' is assigned a value but never used                                                                  no-unused-vars
  Line 33:44:  React Hook useEffect has a missing dependency: 'cargarMateriales'. Either include it or remove the dependency array  react-hooks/exhaustive-deps

src\paneles\administrador\Perfil.jsx
  Line 71:9:   'totalEntregas' is assigned a value but never used  no-unused-vars
  Line 73:9:   'totalKg' is assigned a value but never used        no-unused-vars
  Line 75:9:   'canjes' is assigned a value but never used         no-unused-vars
  Line 89:13:  'usuario' is assigned a value but never used        no-unused-vars

src\paneles\administrador\Recompensas.jsx
  Line 49:34:  React Hook useEffect has a missing dependency: 'cargar'. Either include it or remove the dependency array  react-hooks/exhaustive-deps

src\paneles\administrador\Usuarios.jsx
  Line 3:10:  'ALL_POINTS' is defined but never used                                                                                                                                                                                                             no-unused-vars
  Line 3:22:  'ZONAS' is defined but never used                                                                                                                                                                                                                  no-unused-vars
  Line 4:10:  'getRolCfg' is defined but never used                                                                                                                                                                                                              no-unused-vars
  Line 43:6:  React Hook useEffect has missing dependencies: 'dispatch' and 'showToast'. Either include them or remove the dependency array. If 'dispatch' changes too often, find the parent component that defines it and wrap that definition in useCallback  react-hooks/exhaustive-deps

src\paneles\encargado\Canjes.jsx
  Line 509:35:  'st' is assigned a value but never used  no-unused-vars

src\paneles\encargado\HistorialdeEntregas.jsx
  Line 5:13:    'S' is defined but never used                                           no-unused-vars
  Line 188:17:  Comments inside children section of tag should be placed inside braces  react/jsx-no-comment-textnodes

src\paneles\encargado\Notificaciones.jsx
  Line 2:16:   'Av' is defined but never used                           no-unused-vars
  Line 3:130:  'getReservaDetalleEncargado' is defined but never used   no-unused-vars
  Line 33:10:  'detalleReserva' is assigned a value but never used      no-unused-vars
  Line 33:26:  'setDetalleReserva' is assigned a value but never used   no-unused-vars
  Line 34:10:  'cargandoDetalle' is assigned a value but never used     no-unused-vars
  Line 34:27:  'setCargandoDetalle' is assigned a value but never used  no-unused-vars

src\paneles\encargado\PanelEncargado.jsx
  Line 31:9:  'navigate' is assigned a value but never used  no-unused-vars

src\paneles\superadmin\Sidebar.jsx
  Line 34:9:  'handleLogout' is assigned a value but never used  no-unused-vars

[39m[22m

webpack compiled with [1m[33m1 warning[39m[22m
Compiling...
Failed to compile.

Attempted import error: 'getReservaDetalleEncargado' is not exported from '../../services/api' (imported as 'getReservaDetalleEncargado').
[1m[33mWARNING[39m[22m in [1m[eslint] 
src\components\Topbar.jsx
  Line 29:9:  The href attribute requires a valid value to be accessible. Provide a valid, navigable address as the href value. If you cannot provide a valid href, but still need the element to resemble a link, use a button and change it with appropriate styles. Learn more: https://github.com/jsx-eslint/eslint-plugin-jsx-a11y/blob/HEAD/docs/rules/anchor-is-valid.md  jsx-a11y/anchor-is-valid

src\paneles\administrador\Encargados.jsx
  Line 311:13:  'resp' is assigned a value but never used  no-unused-vars

src\paneles\administrador\Materiales.jsx
  Line 13:7:   'COLORES_CANECA' is assigned a value but never used                                                                  no-unused-vars
  Line 33:44:  React Hook useEffect has a missing dependency: 'cargarMateriales'. Either include it or remove the dependency array  react-hooks/exhaustive-deps

src\paneles\administrador\Perfil.jsx
  Line 71:9:   'totalEntregas' is assigned a value but never used  no-unused-vars
  Line 73:9:   'totalKg' is assigned a value but never used        no-unused-vars
  Line 75:9:   'canjes' is assigned a value but never used         no-unused-vars
  Line 89:13:  'usuario' is assigned a value but never used        no-unused-vars

src\paneles\administrador\Recompensas.jsx
  Line 49:34:  React Hook useEffect has a missing dependency: 'cargar'. Either include it or remove the dependency array  react-hooks/exhaustive-deps

src\paneles\administrador\Usuarios.jsx
  Line 3:10:  'ALL_POINTS' is defined but never used                                                                                                                                                                                                             no-unused-vars
  Line 3:22:  'ZONAS' is defined but never used                                                                                                                                                                                                                  no-unused-vars
  Line 4:10:  'getRolCfg' is defined but never used                                                                                                                                                                                                              no-unused-vars
  Line 43:6:  React Hook useEffect has missing dependencies: 'dispatch' and 'showToast'. Either include them or remove the dependency array. If 'dispatch' changes too often, find the parent component that defines it and wrap that definition in useCallback  react-hooks/exhaustive-deps

src\paneles\encargado\Canjes.jsx
  Line 509:35:  'st' is assigned a value but never used  no-unused-vars

src\paneles\encargado\HistorialdeEntregas.jsx
  Line 5:13:    'S' is defined but never used                                           no-unused-vars
  Line 188:17:  Comments inside children section of tag should be placed inside braces  react/jsx-no-comment-textnodes

src\paneles\encargado\Notificaciones.jsx
  Line 2:16:   'Av' is defined but never used                           no-unused-vars
  Line 33:10:  'detalleReserva' is assigned a value but never used      no-unused-vars
  Line 34:10:  'cargandoDetalle' is assigned a value but never used     no-unused-vars
  Line 57:9:   'openDetalleReserva' is assigned a value but never used  no-unused-vars

src\paneles\encargado\PanelEncargado.jsx
  Line 31:9:  'navigate' is assigned a value but never used  no-unused-vars

src\paneles\superadmin\Sidebar.jsx
  Line 34:9:  'handleLogout' is assigned a value but never used  no-unused-vars

[39m[22m

[1m[31mERROR[39m[22m in [1m./src/paneles/encargado/Notificaciones.jsx[39m[22m [1m[32m72:25-51[39m[22m
[1mexport 'getReservaDetalleEncargado' (imported as 'getReservaDetalleEncargado') was [1m[31mnot found[39m[22m[1m in '../../services/api' (possible exports: [1m[32mactualizarAdmin, actualizarAliado, actualizarEncargado, actualizarEstadoAliado, actualizarEstadoCanje, actualizarEstadoCanjeEncargado, actualizarEstadoEntrega, actualizarEstadoEntregaAdmin, actualizarEstadoEntregaCat, actualizarEstadoEntregaEncargado, actualizarEstadoMaterial, actualizarEstadoPunto, actualizarEstadoRecompensa, actualizarEstadoReservaEncargado, actualizarEstadoUsuario, actualizarMaterial, actualizarPerfil, actualizarPerfilAliado, actualizarPuntoReciclaje, actualizarRecompensa, actualizarRol, actualizarTipoRecompensa, actualizarUsuario, agregarPuntoReciclaje, asignarMaterialAAliado, asignarPuntoEncargado, buscarUsuariosEncargado, cambiarPassword, canjearRecompensa, cerrarSesion, clearToken, crearAdmin, crearAliado, crearClasificacion, crearEncargado, crearEntrega, crearEstadoAliado, crearEstadoCanje, crearEstadoEntrega, crearEstadoMaterial, crearEstadoPunto, crearEstadoRecompensa, crearEstadoUsuario, crearMaterial, crearRecompensa, crearRecompensaEncargado, crearRol, crearTipoRecompensa, eliminarAdmin, eliminarAliado, eliminarEncargado, eliminarEstadoAliado, eliminarEstadoCanje, eliminarEstadoEntregaCat, eliminarEstadoMaterial, eliminarEstadoPunto, eliminarEstadoRecompensa, eliminarEstadoUsuario, eliminarMaterial, eliminarRecompensa, eliminarRol, eliminarTipoRecompensa, eliminarUsuario, getAdmins, getAliado, getAliados, getCanje, getCanjeEncargado, getCanjes, getCanjesEncargado, getClasificaciones, getEncargado, getEncargados, getEntrega, getEntregaAdmin, getEntregaAliado, getEntregaEncargado, getEntregas, getEntregasAdmin, getEntregasAliado, getEntregasEncargado, getEntregasEncargadoPorUsuario, getEstadosAliados, getEstadosCanjes, getEstadosEntregas, getEstadosMateriales, getEstadosPuntos, getEstadosRecompensas, getEstadosUsuarios, getHistorialPuntos, getMaterial, getMateriales, getMaterialesEncargado, getMaterialesPorAliado, getNotificacionesEncargado, getPerfil, getPerfilAliado, getPuntos, getPuntosReciclaje, getRecompensa, getRecompensas, getRecompensasEncargado, getReportesEncargado, getReservasEncargado, getRoles, getTiposRecompensa, getToken, getUsuario, getUsuarios, iniciarSesion, marcarNotificacionLeida, marcarTodasNotificacionesLeidas, quitarMaterialDeAliado, registrarCanjeEncargado, registrarEntregaEncargado, registrarse, restablecerPassword, setToken, sincronizarMaterialesAliado, solicitarRecuperacion[39m[22m[1m)[39m[22m

webpack compiled with [1m[31m1 error[39m[22m and [1m[33m1 warning[39m[22m
Compiling...
Failed to compile.

Attempted import error: 'getReservaDetalleEncargado' is not exported from '../../services/api' (imported as 'getReservaDetalleEncargado').
[1m[33mWARNING[39m[22m in [1m[eslint] 
src\components\Topbar.jsx
  Line 29:9:  The href attribute requires a valid value to be accessible. Provide a valid, navigable address as the href value. If you cannot provide a valid href, but still need the element to resemble a link, use a button and change it with appropriate styles. Learn more: https://github.com/jsx-eslint/eslint-plugin-jsx-a11y/blob/HEAD/docs/rules/anchor-is-valid.md  jsx-a11y/anchor-is-valid

src\paneles\administrador\Encargados.jsx
  Line 311:13:  'resp' is assigned a value but never used  no-unused-vars

src\paneles\administrador\Materiales.jsx
  Line 13:7:   'COLORES_CANECA' is assigned a value but never used                                                                  no-unused-vars
  Line 33:44:  React Hook useEffect has a missing dependency: 'cargarMateriales'. Either include it or remove the dependency array  react-hooks/exhaustive-deps

src\paneles\administrador\Perfil.jsx
  Line 71:9:   'totalEntregas' is assigned a value but never used  no-unused-vars
  Line 73:9:   'totalKg' is assigned a value but never used        no-unused-vars
  Line 75:9:   'canjes' is assigned a value but never used         no-unused-vars
  Line 89:13:  'usuario' is assigned a value but never used        no-unused-vars

src\paneles\administrador\Recompensas.jsx
  Line 49:34:  React Hook useEffect has a missing dependency: 'cargar'. Either include it or remove the dependency array  react-hooks/exhaustive-deps

src\paneles\administrador\Usuarios.jsx
  Line 3:10:  'ALL_POINTS' is defined but never used                                                                                                                                                                                                             no-unused-vars
  Line 3:22:  'ZONAS' is defined but never used                                                                                                                                                                                                                  no-unused-vars
  Line 4:10:  'getRolCfg' is defined but never used                                                                                                                                                                                                              no-unused-vars
  Line 43:6:  React Hook useEffect has missing dependencies: 'dispatch' and 'showToast'. Either include them or remove the dependency array. If 'dispatch' changes too often, find the parent component that defines it and wrap that definition in useCallback  react-hooks/exhaustive-deps

src\paneles\encargado\Canjes.jsx
  Line 509:35:  'st' is assigned a value but never used  no-unused-vars

src\paneles\encargado\HistorialdeEntregas.jsx
  Line 5:13:    'S' is defined but never used                                           no-unused-vars
  Line 188:17:  Comments inside children section of tag should be placed inside braces  react/jsx-no-comment-textnodes

src\paneles\encargado\Notificaciones.jsx
  Line 2:16:   'Av' is defined but never used                        no-unused-vars
  Line 33:10:  'detalleReserva' is assigned a value but never used   no-unused-vars
  Line 34:10:  'cargandoDetalle' is assigned a value but never used  no-unused-vars

src\paneles\encargado\PanelEncargado.jsx
  Line 31:9:  'navigate' is assigned a value but never used  no-unused-vars

src\paneles\superadmin\Sidebar.jsx
  Line 34:9:  'handleLogout' is assigned a value but never used  no-unused-vars

[39m[22m

[1m[31mERROR[39m[22m in [1m./src/paneles/encargado/Notificaciones.jsx[39m[22m [1m[32m72:25-51[39m[22m
[1mexport 'getReservaDetalleEncargado' (imported as 'getReservaDetalleEncargado') was [1m[31mnot found[39m[22m[1m in '../../services/api' (possible exports: [1m[32mactualizarAdmin, actualizarAliado, actualizarEncargado, actualizarEstadoAliado, actualizarEstadoCanje, actualizarEstadoCanjeEncargado, actualizarEstadoEntrega, actualizarEstadoEntregaAdmin, actualizarEstadoEntregaCat, actualizarEstadoEntregaEncargado, actualizarEstadoMaterial, actualizarEstadoPunto, actualizarEstadoRecompensa, actualizarEstadoReservaEncargado, actualizarEstadoUsuario, actualizarMaterial, actualizarPerfil, actualizarPerfilAliado, actualizarPuntoReciclaje, actualizarRecompensa, actualizarRol, actualizarTipoRecompensa, actualizarUsuario, agregarPuntoReciclaje, asignarMaterialAAliado, asignarPuntoEncargado, buscarUsuariosEncargado, cambiarPassword, canjearRecompensa, cerrarSesion, clearToken, crearAdmin, crearAliado, crearClasificacion, crearEncargado, crearEntrega, crearEstadoAliado, crearEstadoCanje, crearEstadoEntrega, crearEstadoMaterial, crearEstadoPunto, crearEstadoRecompensa, crearEstadoUsuario, crearMaterial, crearRecompensa, crearRecompensaEncargado, crearRol, crearTipoRecompensa, eliminarAdmin, eliminarAliado, eliminarEncargado, eliminarEstadoAliado, eliminarEstadoCanje, eliminarEstadoEntregaCat, eliminarEstadoMaterial, eliminarEstadoPunto, eliminarEstadoRecompensa, eliminarEstadoUsuario, eliminarMaterial, eliminarRecompensa, eliminarRol, eliminarTipoRecompensa, eliminarUsuario, getAdmins, getAliado, getAliados, getCanje, getCanjeEncargado, getCanjes, getCanjesEncargado, getClasificaciones, getEncargado, getEncargados, getEntrega, getEntregaAdmin, getEntregaAliado, getEntregaEncargado, getEntregas, getEntregasAdmin, getEntregasAliado, getEntregasEncargado, getEntregasEncargadoPorUsuario, getEstadosAliados, getEstadosCanjes, getEstadosEntregas, getEstadosMateriales, getEstadosPuntos, getEstadosRecompensas, getEstadosUsuarios, getHistorialPuntos, getMaterial, getMateriales, getMaterialesEncargado, getMaterialesPorAliado, getNotificacionesEncargado, getPerfil, getPerfilAliado, getPuntos, getPuntosReciclaje, getRecompensa, getRecompensas, getRecompensasEncargado, getReportesEncargado, getReservasEncargado, getRoles, getTiposRecompensa, getToken, getUsuario, getUsuarios, iniciarSesion, marcarNotificacionLeida, marcarTodasNotificacionesLeidas, quitarMaterialDeAliado, registrarCanjeEncargado, registrarEntregaEncargado, registrarse, restablecerPassword, setToken, sincronizarMaterialesAliado, solicitarRecuperacion[39m[22m[1m)[39m[22m

webpack compiled with [1m[31m1 error[39m[22m and [1m[33m1 warning[39m[22m
Compiling...
Failed to compile.

Attempted import error: 'getReservaDetalleEncargado' is not exported from '../../services/api' (imported as 'getReservaDetalleEncargado').
[1m[33mWARNING[39m[22m in [1m[eslint] 
src\components\Topbar.jsx
  Line 29:9:  The href attribute requires a valid value to be accessible. Provide a valid, navigable address as the href value. If you cannot provide a valid href, but still need the element to resemble a link, use a button and change it with appropriate styles. Learn more: https://github.com/jsx-eslint/eslint-plugin-jsx-a11y/blob/HEAD/docs/rules/anchor-is-valid.md  jsx-a11y/anchor-is-valid

src\paneles\administrador\Encargados.jsx
  Line 311:13:  'resp' is assigned a value but never used  no-unused-vars

src\paneles\administrador\Materiales.jsx
  Line 13:7:   'COLORES_CANECA' is assigned a value but never used                                                                  no-unused-vars
  Line 33:44:  React Hook useEffect has a missing dependency: 'cargarMateriales'. Either include it or remove the dependency array  react-hooks/exhaustive-deps

src\paneles\administrador\Perfil.jsx
  Line 71:9:   'totalEntregas' is assigned a value but never used  no-unused-vars
  Line 73:9:   'totalKg' is assigned a value but never used        no-unused-vars
  Line 75:9:   'canjes' is assigned a value but never used         no-unused-vars
  Line 89:13:  'usuario' is assigned a value but never used        no-unused-vars

src\paneles\administrador\Recompensas.jsx
  Line 49:34:  React Hook useEffect has a missing dependency: 'cargar'. Either include it or remove the dependency array  react-hooks/exhaustive-deps

src\paneles\administrador\Usuarios.jsx
  Line 3:10:  'ALL_POINTS' is defined but never used                                                                                                                                                                                                             no-unused-vars
  Line 3:22:  'ZONAS' is defined but never used                                                                                                                                                                                                                  no-unused-vars
  Line 4:10:  'getRolCfg' is defined but never used                                                                                                                                                                                                              no-unused-vars
  Line 43:6:  React Hook useEffect has missing dependencies: 'dispatch' and 'showToast'. Either include them or remove the dependency array. If 'dispatch' changes too often, find the parent component that defines it and wrap that definition in useCallback  react-hooks/exhaustive-deps

src\paneles\encargado\Canjes.jsx
  Line 509:35:  'st' is assigned a value but never used  no-unused-vars

src\paneles\encargado\HistorialdeEntregas.jsx
  Line 5:13:    'S' is defined but never used                                           no-unused-vars
  Line 188:17:  Comments inside children section of tag should be placed inside braces  react/jsx-no-comment-textnodes

src\paneles\encargado\Notificaciones.jsx
  Line 2:16:   'Av' is defined but never used                        no-unused-vars
  Line 33:10:  'detalleReserva' is assigned a value but never used   no-unused-vars
  Line 34:10:  'cargandoDetalle' is assigned a value but never used  no-unused-vars

src\paneles\encargado\PanelEncargado.jsx
  Line 31:9:  'navigate' is assigned a value but never used  no-unused-vars

src\paneles\superadmin\Sidebar.jsx
  Line 34:9:  'handleLogout' is assigned a value but never used  no-unused-vars

[39m[22m

[1m[31mERROR[39m[22m in [1m./src/paneles/encargado/Notificaciones.jsx[39m[22m [1m[32m72:25-51[39m[22m
[1mexport 'getReservaDetalleEncargado' (imported as 'getReservaDetalleEncargado') was [1m[31mnot found[39m[22m[1m in '../../services/api' (possible exports: [1m[32mactualizarAdmin, actualizarAliado, actualizarEncargado, actualizarEstadoAliado, actualizarEstadoCanje, actualizarEstadoCanjeEncargado, actualizarEstadoEntrega, actualizarEstadoEntregaAdmin, actualizarEstadoEntregaCat, actualizarEstadoEntregaEncargado, actualizarEstadoMaterial, actualizarEstadoPunto, actualizarEstadoRecompensa, actualizarEstadoReservaEncargado, actualizarEstadoUsuario, actualizarMaterial, actualizarPerfil, actualizarPerfilAliado, actualizarPuntoReciclaje, actualizarRecompensa, actualizarRol, actualizarTipoRecompensa, actualizarUsuario, agregarPuntoReciclaje, asignarMaterialAAliado, asignarPuntoEncargado, buscarUsuariosEncargado, cambiarPassword, canjearRecompensa, cerrarSesion, clearToken, crearAdmin, crearAliado, crearClasificacion, crearEncargado, crearEntrega, crearEstadoAliado, crearEstadoCanje, crearEstadoEntrega, crearEstadoMaterial, crearEstadoPunto, crearEstadoRecompensa, crearEstadoUsuario, crearMaterial, crearRecompensa, crearRecompensaEncargado, crearRol, crearTipoRecompensa, eliminarAdmin, eliminarAliado, eliminarEncargado, eliminarEstadoAliado, eliminarEstadoCanje, eliminarEstadoEntregaCat, eliminarEstadoMaterial, eliminarEstadoPunto, eliminarEstadoRecompensa, eliminarEstadoUsuario, eliminarMaterial, eliminarRecompensa, eliminarRol, eliminarTipoRecompensa, eliminarUsuario, getAdmins, getAliado, getAliados, getCanje, getCanjeEncargado, getCanjes, getCanjesEncargado, getClasificaciones, getEncargado, getEncargados, getEntrega, getEntregaAdmin, getEntregaAliado, getEntregaEncargado, getEntregas, getEntregasAdmin, getEntregasAliado, getEntregasEncargado, getEntregasEncargadoPorUsuario, getEstadosAliados, getEstadosCanjes, getEstadosEntregas, getEstadosMateriales, getEstadosPuntos, getEstadosRecompensas, getEstadosUsuarios, getHistorialPuntos, getMaterial, getMateriales, getMaterialesEncargado, getMaterialesPorAliado, getNotificacionesEncargado, getPerfil, getPerfilAliado, getPuntos, getPuntosReciclaje, getRecompensa, getRecompensas, getRecompensasEncargado, getReportesEncargado, getReservasEncargado, getRoles, getTiposRecompensa, getToken, getUsuario, getUsuarios, iniciarSesion, marcarNotificacionLeida, marcarTodasNotificacionesLeidas, quitarMaterialDeAliado, registrarCanjeEncargado, registrarEntregaEncargado, registrarse, restablecerPassword, setToken, sincronizarMaterialesAliado, solicitarRecuperacion[39m[22m[1m)[39m[22m

webpack compiled with [1m[31m1 error[39m[22m and [1m[33m1 warning[39m[22m
Compiling...
Failed to compile.

Attempted import error: 'getReservaDetalleEncargado' is not exported from '../../services/api' (imported as 'getReservaDetalleEncargado').
[1m[33mWARNING[39m[22m in [1m[eslint] 
src\components\Topbar.jsx
  Line 29:9:  The href attribute requires a valid value to be accessible. Provide a valid, navigable address as the href value. If you cannot provide a valid href, but still need the element to resemble a link, use a button and change it with appropriate styles. Learn more: https://github.com/jsx-eslint/eslint-plugin-jsx-a11y/blob/HEAD/docs/rules/anchor-is-valid.md  jsx-a11y/anchor-is-valid

src\paneles\administrador\Encargados.jsx
  Line 311:13:  'resp' is assigned a value but never used  no-unused-vars

src\paneles\administrador\Materiales.jsx
  Line 13:7:   'COLORES_CANECA' is assigned a value but never used                                                                  no-unused-vars
  Line 33:44:  React Hook useEffect has a missing dependency: 'cargarMateriales'. Either include it or remove the dependency array  react-hooks/exhaustive-deps

src\paneles\administrador\Perfil.jsx
  Line 71:9:   'totalEntregas' is assigned a value but never used  no-unused-vars
  Line 73:9:   'totalKg' is assigned a value but never used        no-unused-vars
  Line 75:9:   'canjes' is assigned a value but never used         no-unused-vars
  Line 89:13:  'usuario' is assigned a value but never used        no-unused-vars

src\paneles\administrador\Recompensas.jsx
  Line 49:34:  React Hook useEffect has a missing dependency: 'cargar'. Either include it or remove the dependency array  react-hooks/exhaustive-deps

src\paneles\administrador\Usuarios.jsx
  Line 3:10:  'ALL_POINTS' is defined but never used                                                                                                                                                                                                             no-unused-vars
  Line 3:22:  'ZONAS' is defined but never used                                                                                                                                                                                                                  no-unused-vars
  Line 4:10:  'getRolCfg' is defined but never used                                                                                                                                                                                                              no-unused-vars
  Line 43:6:  React Hook useEffect has missing dependencies: 'dispatch' and 'showToast'. Either include them or remove the dependency array. If 'dispatch' changes too often, find the parent component that defines it and wrap that definition in useCallback  react-hooks/exhaustive-deps

src\paneles\encargado\Canjes.jsx
  Line 509:35:  'st' is assigned a value but never used  no-unused-vars

src\paneles\encargado\HistorialdeEntregas.jsx
  Line 5:13:    'S' is defined but never used                                           no-unused-vars
  Line 188:17:  Comments inside children section of tag should be placed inside braces  react/jsx-no-comment-textnodes

src\paneles\encargado\PanelEncargado.jsx
  Line 31:9:  'navigate' is assigned a value but never used  no-unused-vars

src\paneles\superadmin\Sidebar.jsx
  Line 34:9:  'handleLogout' is assigned a value but never used  no-unused-vars

[39m[22m

[1m[31mERROR[39m[22m in [1m./src/paneles/encargado/Notificaciones.jsx[39m[22m [1m[32m73:25-51[39m[22m
[1mexport 'getReservaDetalleEncargado' (imported as 'getReservaDetalleEncargado') was [1m[31mnot found[39m[22m[1m in '../../services/api' (possible exports: [1m[32mactualizarAdmin, actualizarAliado, actualizarEncargado, actualizarEstadoAliado, actualizarEstadoCanje, actualizarEstadoCanjeEncargado, actualizarEstadoEntrega, actualizarEstadoEntregaAdmin, actualizarEstadoEntregaCat, actualizarEstadoEntregaEncargado, actualizarEstadoMaterial, actualizarEstadoPunto, actualizarEstadoRecompensa, actualizarEstadoReservaEncargado, actualizarEstadoUsuario, actualizarMaterial, actualizarPerfil, actualizarPerfilAliado, actualizarPuntoReciclaje, actualizarRecompensa, actualizarRol, actualizarTipoRecompensa, actualizarUsuario, agregarPuntoReciclaje, asignarMaterialAAliado, asignarPuntoEncargado, buscarUsuariosEncargado, cambiarPassword, canjearRecompensa, cerrarSesion, clearToken, crearAdmin, crearAliado, crearClasificacion, crearEncargado, crearEntrega, crearEstadoAliado, crearEstadoCanje, crearEstadoEntrega, crearEstadoMaterial, crearEstadoPunto, crearEstadoRecompensa, crearEstadoUsuario, crearMaterial, crearRecompensa, crearRecompensaEncargado, crearRol, crearTipoRecompensa, eliminarAdmin, eliminarAliado, eliminarEncargado, eliminarEstadoAliado, eliminarEstadoCanje, eliminarEstadoEntregaCat, eliminarEstadoMaterial, eliminarEstadoPunto, eliminarEstadoRecompensa, eliminarEstadoUsuario, eliminarMaterial, eliminarRecompensa, eliminarRol, eliminarTipoRecompensa, eliminarUsuario, getAdmins, getAliado, getAliados, getCanje, getCanjeEncargado, getCanjes, getCanjesEncargado, getClasificaciones, getEncargado, getEncargados, getEntrega, getEntregaAdmin, getEntregaAliado, getEntregaEncargado, getEntregas, getEntregasAdmin, getEntregasAliado, getEntregasEncargado, getEntregasEncargadoPorUsuario, getEstadosAliados, getEstadosCanjes, getEstadosEntregas, getEstadosMateriales, getEstadosPuntos, getEstadosRecompensas, getEstadosUsuarios, getHistorialPuntos, getMaterial, getMateriales, getMaterialesEncargado, getMaterialesPorAliado, getNotificacionesEncargado, getPerfil, getPerfilAliado, getPuntos, getPuntosReciclaje, getRecompensa, getRecompensas, getRecompensasEncargado, getReportesEncargado, getReservasEncargado, getRoles, getTiposRecompensa, getToken, getUsuario, getUsuarios, iniciarSesion, marcarNotificacionLeida, marcarTodasNotificacionesLeidas, quitarMaterialDeAliado, registrarCanjeEncargado, registrarEntregaEncargado, registrarse, restablecerPassword, setToken, sincronizarMaterialesAliado, solicitarRecuperacion[39m[22m[1m)[39m[22m

webpack compiled with [1m[31m1 error[39m[22m and [1m[33m1 warning[39m[22m
Compiling...
Compiled with warnings.

[eslint] 
src\components\Topbar.jsx
  Line 29:9:  The href attribute requires a valid value to be accessible. Provide a valid, navigable address as the href value. If you cannot provide a valid href, but still need the element to resemble a link, use a button and change it with appropriate styles. Learn more: https://github.com/jsx-eslint/eslint-plugin-jsx-a11y/blob/HEAD/docs/rules/anchor-is-valid.md  jsx-a11y/anchor-is-valid

src\paneles\administrador\Encargados.jsx
  Line 311:13:  'resp' is assigned a value but never used  no-unused-vars

src\paneles\administrador\Materiales.jsx
  Line 13:7:   'COLORES_CANECA' is assigned a value but never used                                                                  no-unused-vars
  Line 33:44:  React Hook useEffect has a missing dependency: 'cargarMateriales'. Either include it or remove the dependency array  react-hooks/exhaustive-deps

src\paneles\administrador\Perfil.jsx
  Line 71:9:   'totalEntregas' is assigned a value but never used  no-unused-vars
  Line 73:9:   'totalKg' is assigned a value but never used        no-unused-vars
  Line 75:9:   'canjes' is assigned a value but never used         no-unused-vars
  Line 89:13:  'usuario' is assigned a value but never used        no-unused-vars

src\paneles\administrador\Recompensas.jsx
  Line 49:34:  React Hook useEffect has a missing dependency: 'cargar'. Either include it or remove the dependency array  react-hooks/exhaustive-deps

src\paneles\administrador\Usuarios.jsx
  Line 3:10:  'ALL_POINTS' is defined but never used                                                                                                                                                                                                             no-unused-vars
  Line 3:22:  'ZONAS' is defined but never used                                                                                                                                                                                                                  no-unused-vars
  Line 4:10:  'getRolCfg' is defined but never used                                                                                                                                                                                                              no-unused-vars
  Line 43:6:  React Hook useEffect has missing dependencies: 'dispatch' and 'showToast'. Either include them or remove the dependency array. If 'dispatch' changes too often, find the parent component that defines it and wrap that definition in useCallback  react-hooks/exhaustive-deps

src\paneles\encargado\Canjes.jsx
  Line 509:35:  'st' is assigned a value but never used  no-unused-vars

src\paneles\encargado\HistorialdeEntregas.jsx
  Line 5:13:    'S' is defined but never used                                           no-unused-vars
  Line 188:17:  Comments inside children section of tag should be placed inside braces  react/jsx-no-comment-textnodes

src\paneles\encargado\PanelEncargado.jsx
  Line 31:9:  'navigate' is assigned a value but never used  no-unused-vars

src\paneles\superadmin\Sidebar.jsx
  Line 34:9:  'handleLogout' is assigned a value but never used  no-unused-vars

Search for the keywords to learn more about each warning.
To ignore, add // eslint-disable-next-line to the line before.

[1m[33mWARNING[39m[22m in [1m[eslint] 
src\components\Topbar.jsx
  Line 29:9:  The href attribute requires a valid value to be accessible. Provide a valid, navigable address as the href value. If you cannot provide a valid href, but still need the element to resemble a link, use a button and change it with appropriate styles. Learn more: https://github.com/jsx-eslint/eslint-plugin-jsx-a11y/blob/HEAD/docs/rules/anchor-is-valid.md  jsx-a11y/anchor-is-valid

src\paneles\administrador\Encargados.jsx
  Line 311:13:  'resp' is assigned a value but never used  no-unused-vars

src\paneles\administrador\Materiales.jsx
  Line 13:7:   'COLORES_CANECA' is assigned a value but never used                                                                  no-unused-vars
  Line 33:44:  React Hook useEffect has a missing dependency: 'cargarMateriales'. Either include it or remove the dependency array  react-hooks/exhaustive-deps

src\paneles\administrador\Perfil.jsx
  Line 71:9:   'totalEntregas' is assigned a value but never used  no-unused-vars
  Line 73:9:   'totalKg' is assigned a value but never used        no-unused-vars
  Line 75:9:   'canjes' is assigned a value but never used         no-unused-vars
  Line 89:13:  'usuario' is assigned a value but never used        no-unused-vars

src\paneles\administrador\Recompensas.jsx
  Line 49:34:  React Hook useEffect has a missing dependency: 'cargar'. Either include it or remove the dependency array  react-hooks/exhaustive-deps

src\paneles\administrador\Usuarios.jsx
  Line 3:10:  'ALL_POINTS' is defined but never used                                                                                                                                                                                                             no-unused-vars
  Line 3:22:  'ZONAS' is defined but never used                                                                                                                                                                                                                  no-unused-vars
  Line 4:10:  'getRolCfg' is defined but never used                                                                                                                                                                                                              no-unused-vars
  Line 43:6:  React Hook useEffect has missing dependencies: 'dispatch' and 'showToast'. Either include them or remove the dependency array. If 'dispatch' changes too often, find the parent component that defines it and wrap that definition in useCallback  react-hooks/exhaustive-deps

src\paneles\encargado\Canjes.jsx
  Line 509:35:  'st' is assigned a value but never used  no-unused-vars

src\paneles\encargado\HistorialdeEntregas.jsx
  Line 5:13:    'S' is defined but never used                                           no-unused-vars
  Line 188:17:  Comments inside children section of tag should be placed inside braces  react/jsx-no-comment-textnodes

src\paneles\encargado\PanelEncargado.jsx
  Line 31:9:  'navigate' is assigned a value but never used  no-unused-vars

src\paneles\superadmin\Sidebar.jsx
  Line 34:9:  'handleLogout' is assigned a value but never used  no-unused-vars

[39m[22m

webpack compiled with [1m[33m1 warning[39m[22m
Compiling...
Compiled with warnings.

[eslint] 
src\components\Topbar.jsx
  Line 29:9:  The href attribute requires a valid value to be accessible. Provide a valid, navigable address as the href value. If you cannot provide a valid href, but still need the element to resemble a link, use a button and change it with appropriate styles. Learn more: https://github.com/jsx-eslint/eslint-plugin-jsx-a11y/blob/HEAD/docs/rules/anchor-is-valid.md  jsx-a11y/anchor-is-valid

src\paneles\administrador\Encargados.jsx
  Line 311:13:  'resp' is assigned a value but never used  no-unused-vars

src\paneles\administrador\Materiales.jsx
  Line 13:7:   'COLORES_CANECA' is assigned a value but never used                                                                  no-unused-vars
  Line 33:44:  React Hook useEffect has a missing dependency: 'cargarMateriales'. Either include it or remove the dependency array  react-hooks/exhaustive-deps

src\paneles\administrador\Perfil.jsx
  Line 71:9:   'totalEntregas' is assigned a value but never used  no-unused-vars
  Line 73:9:   'totalKg' is assigned a value but never used        no-unused-vars
  Line 75:9:   'canjes' is assigned a value but never used         no-unused-vars
  Line 89:13:  'usuario' is assigned a value but never used        no-unused-vars

src\paneles\administrador\Recompensas.jsx
  Line 49:34:  React Hook useEffect has a missing dependency: 'cargar'. Either include it or remove the dependency array  react-hooks/exhaustive-deps

src\paneles\administrador\Usuarios.jsx
  Line 3:10:  'ALL_POINTS' is defined but never used                                                                                                                                                                                                             no-unused-vars
  Line 3:22:  'ZONAS' is defined but never used                                                                                                                                                                                                                  no-unused-vars
  Line 4:10:  'getRolCfg' is defined but never used                                                                                                                                                                                                              no-unused-vars
  Line 43:6:  React Hook useEffect has missing dependencies: 'dispatch' and 'showToast'. Either include them or remove the dependency array. If 'dispatch' changes too often, find the parent component that defines it and wrap that definition in useCallback  react-hooks/exhaustive-deps

src\paneles\encargado\Canjes.jsx
  Line 509:35:  'st' is assigned a value but never used  no-unused-vars

src\paneles\encargado\HistorialdeEntregas.jsx
  Line 5:13:    'S' is defined but never used                                           no-unused-vars
  Line 188:17:  Comments inside children section of tag should be placed inside braces  react/jsx-no-comment-textnodes

src\paneles\encargado\PanelEncargado.jsx
  Line 31:9:  'navigate' is assigned a value but never used  no-unused-vars

src\paneles\superadmin\Sidebar.jsx
  Line 34:9:  'handleLogout' is assigned a value but never used  no-unused-vars

Search for the keywords to learn more about each warning.
To ignore, add // eslint-disable-next-line to the line before.

[1m[33mWARNING[39m[22m in [1m[eslint] 
src\components\Topbar.jsx
  Line 29:9:  The href attribute requires a valid value to be accessible. Provide a valid, navigable address as the href value. If you cannot provide a valid href, but still need the element to resemble a link, use a button and change it with appropriate styles. Learn more: https://github.com/jsx-eslint/eslint-plugin-jsx-a11y/blob/HEAD/docs/rules/anchor-is-valid.md  jsx-a11y/anchor-is-valid

src\paneles\administrador\Encargados.jsx
  Line 311:13:  'resp' is assigned a value but never used  no-unused-vars

src\paneles\administrador\Materiales.jsx
  Line 13:7:   'COLORES_CANECA' is assigned a value but never used                                                                  no-unused-vars
  Line 33:44:  React Hook useEffect has a missing dependency: 'cargarMateriales'. Either include it or remove the dependency array  react-hooks/exhaustive-deps

src\paneles\administrador\Perfil.jsx
  Line 71:9:   'totalEntregas' is assigned a value but never used  no-unused-vars
  Line 73:9:   'totalKg' is assigned a value but never used        no-unused-vars
  Line 75:9:   'canjes' is assigned a value but never used         no-unused-vars
  Line 89:13:  'usuario' is assigned a value but never used        no-unused-vars

src\paneles\administrador\Recompensas.jsx
  Line 49:34:  React Hook useEffect has a missing dependency: 'cargar'. Either include it or remove the dependency array  react-hooks/exhaustive-deps

src\paneles\administrador\Usuarios.jsx
  Line 3:10:  'ALL_POINTS' is defined but never used                                                                                                                                                                                                             no-unused-vars
  Line 3:22:  'ZONAS' is defined but never used                                                                                                                                                                                                                  no-unused-vars
  Line 4:10:  'getRolCfg' is defined but never used                                                                                                                                                                                                              no-unused-vars
  Line 43:6:  React Hook useEffect has missing dependencies: 'dispatch' and 'showToast'. Either include them or remove the dependency array. If 'dispatch' changes too often, find the parent component that defines it and wrap that definition in useCallback  react-hooks/exhaustive-deps

src\paneles\encargado\Canjes.jsx
  Line 509:35:  'st' is assigned a value but never used  no-unused-vars

src\paneles\encargado\HistorialdeEntregas.jsx
  Line 5:13:    'S' is defined but never used                                           no-unused-vars
  Line 188:17:  Comments inside children section of tag should be placed inside braces  react/jsx-no-comment-textnodes

src\paneles\encargado\PanelEncargado.jsx
  Line 31:9:  'navigate' is assigned a value but never used  no-unused-vars

src\paneles\superadmin\Sidebar.jsx
  Line 34:9:  'handleLogout' is assigned a value but never used  no-unused-vars

[39m[22m

webpack compiled with [1m[33m1 warning[39m[22m
Compiling...
Compiled with warnings.

[eslint] 
src\components\Topbar.jsx
  Line 29:9:  The href attribute requires a valid value to be accessible. Provide a valid, navigable address as the href value. If you cannot provide a valid href, but still need the element to resemble a link, use a button and change it with appropriate styles. Learn more: https://github.com/jsx-eslint/eslint-plugin-jsx-a11y/blob/HEAD/docs/rules/anchor-is-valid.md  jsx-a11y/anchor-is-valid

src\paneles\administrador\Encargados.jsx
  Line 309:13:  'resp' is assigned a value but never used  no-unused-vars

src\paneles\administrador\Materiales.jsx
  Line 13:7:   'COLORES_CANECA' is assigned a value but never used                                                                  no-unused-vars
  Line 33:44:  React Hook useEffect has a missing dependency: 'cargarMateriales'. Either include it or remove the dependency array  react-hooks/exhaustive-deps

src\paneles\administrador\Perfil.jsx
  Line 71:9:   'totalEntregas' is assigned a value but never used  no-unused-vars
  Line 73:9:   'totalKg' is assigned a value but never used        no-unused-vars
  Line 75:9:   'canjes' is assigned a value but never used         no-unused-vars
  Line 89:13:  'usuario' is assigned a value but never used        no-unused-vars

src\paneles\administrador\Recompensas.jsx
  Line 49:34:  React Hook useEffect has a missing dependency: 'cargar'. Either include it or remove the dependency array  react-hooks/exhaustive-deps

src\paneles\administrador\Usuarios.jsx
  Line 3:10:  'ALL_POINTS' is defined but never used                                                                                                                                                                                                             no-unused-vars
  Line 3:22:  'ZONAS' is defined but never used                                                                                                                                                                                                                  no-unused-vars
  Line 4:10:  'getRolCfg' is defined but never used                                                                                                                                                                                                              no-unused-vars
  Line 43:6:  React Hook useEffect has missing dependencies: 'dispatch' and 'showToast'. Either include them or remove the dependency array. If 'dispatch' changes too often, find the parent component that defines it and wrap that definition in useCallback  react-hooks/exhaustive-deps

src\paneles\encargado\Canjes.jsx
  Line 509:35:  'st' is assigned a value but never used  no-unused-vars

src\paneles\encargado\HistorialdeEntregas.jsx
  Line 5:13:    'S' is defined but never used                                           no-unused-vars
  Line 188:17:  Comments inside children section of tag should be placed inside braces  react/jsx-no-comment-textnodes

src\paneles\encargado\PanelEncargado.jsx
  Line 31:9:  'navigate' is assigned a value but never used  no-unused-vars

src\paneles\superadmin\Sidebar.jsx
  Line 34:9:  'handleLogout' is assigned a value but never used  no-unused-vars

Search for the keywords to learn more about each warning.
To ignore, add // eslint-disable-next-line to the line before.

[1m[33mWARNING[39m[22m in [1m[eslint] 
src\components\Topbar.jsx
  Line 29:9:  The href attribute requires a valid value to be accessible. Provide a valid, navigable address as the href value. If you cannot provide a valid href, but still need the element to resemble a link, use a button and change it with appropriate styles. Learn more: https://github.com/jsx-eslint/eslint-plugin-jsx-a11y/blob/HEAD/docs/rules/anchor-is-valid.md  jsx-a11y/anchor-is-valid

src\paneles\administrador\Encargados.jsx
  Line 309:13:  'resp' is assigned a value but never used  no-unused-vars

src\paneles\administrador\Materiales.jsx
  Line 13:7:   'COLORES_CANECA' is assigned a value but never used                                                                  no-unused-vars
  Line 33:44:  React Hook useEffect has a missing dependency: 'cargarMateriales'. Either include it or remove the dependency array  react-hooks/exhaustive-deps

src\paneles\administrador\Perfil.jsx
  Line 71:9:   'totalEntregas' is assigned a value but never used  no-unused-vars
  Line 73:9:   'totalKg' is assigned a value but never used        no-unused-vars
  Line 75:9:   'canjes' is assigned a value but never used         no-unused-vars
  Line 89:13:  'usuario' is assigned a value but never used        no-unused-vars

src\paneles\administrador\Recompensas.jsx
  Line 49:34:  React Hook useEffect has a missing dependency: 'cargar'. Either include it or remove the dependency array  react-hooks/exhaustive-deps

src\paneles\administrador\Usuarios.jsx
  Line 3:10:  'ALL_POINTS' is defined but never used                                                                                                                                                                                                             no-unused-vars
  Line 3:22:  'ZONAS' is defined but never used                                                                                                                                                                                                                  no-unused-vars
  Line 4:10:  'getRolCfg' is defined but never used                                                                                                                                                                                                              no-unused-vars
  Line 43:6:  React Hook useEffect has missing dependencies: 'dispatch' and 'showToast'. Either include them or remove the dependency array. If 'dispatch' changes too often, find the parent component that defines it and wrap that definition in useCallback  react-hooks/exhaustive-deps

src\paneles\encargado\Canjes.jsx
  Line 509:35:  'st' is assigned a value but never used  no-unused-vars

src\paneles\encargado\HistorialdeEntregas.jsx
  Line 5:13:    'S' is defined but never used                                           no-unused-vars
  Line 188:17:  Comments inside children section of tag should be placed inside braces  react/jsx-no-comment-textnodes

src\paneles\encargado\PanelEncargado.jsx
  Line 31:9:  'navigate' is assigned a value but never used  no-unused-vars

src\paneles\superadmin\Sidebar.jsx
  Line 34:9:  'handleLogout' is assigned a value but never used  no-unused-vars

[39m[22m

webpack compiled with [1m[33m1 warning[39m[22m
Compiling...
Compiled with warnings.

[eslint] 
src\components\Topbar.jsx
  Line 29:9:  The href attribute requires a valid value to be accessible. Provide a valid, navigable address as the href value. If you cannot provide a valid href, but still need the element to resemble a link, use a button and change it with appropriate styles. Learn more: https://github.com/jsx-eslint/eslint-plugin-jsx-a11y/blob/HEAD/docs/rules/anchor-is-valid.md  jsx-a11y/anchor-is-valid

src\paneles\administrador\Encargados.jsx
  Line 309:13:  'resp' is assigned a value but never used  no-unused-vars

src\paneles\administrador\Materiales.jsx
  Line 13:7:   'COLORES_CANECA' is assigned a value but never used                                                                  no-unused-vars
  Line 33:44:  React Hook useEffect has a missing dependency: 'cargarMateriales'. Either include it or remove the dependency array  react-hooks/exhaustive-deps

src\paneles\administrador\Perfil.jsx
  Line 71:9:   'totalEntregas' is assigned a value but never used  no-unused-vars
  Line 73:9:   'totalKg' is assigned a value but never used        no-unused-vars
  Line 75:9:   'canjes' is assigned a value but never used         no-unused-vars
  Line 89:13:  'usuario' is assigned a value but never used        no-unused-vars

src\paneles\administrador\Recompensas.jsx
  Line 49:34:  React Hook useEffect has a missing dependency: 'cargar'. Either include it or remove the dependency array  react-hooks/exhaustive-deps

src\paneles\administrador\Usuarios.jsx
  Line 3:10:  'ALL_POINTS' is defined but never used                                                                                                                                                                                                             no-unused-vars
  Line 3:22:  'ZONAS' is defined but never used                                                                                                                                                                                                                  no-unused-vars
  Line 4:10:  'getRolCfg' is defined but never used                                                                                                                                                                                                              no-unused-vars
  Line 43:6:  React Hook useEffect has missing dependencies: 'dispatch' and 'showToast'. Either include them or remove the dependency array. If 'dispatch' changes too often, find the parent component that defines it and wrap that definition in useCallback  react-hooks/exhaustive-deps

src\paneles\encargado\Canjes.jsx
  Line 509:35:  'st' is assigned a value but never used  no-unused-vars

src\paneles\encargado\HistorialdeEntregas.jsx
  Line 5:13:    'S' is defined but never used                                           no-unused-vars
  Line 188:17:  Comments inside children section of tag should be placed inside braces  react/jsx-no-comment-textnodes

src\paneles\encargado\PanelEncargado.jsx
  Line 31:9:  'navigate' is assigned a value but never used  no-unused-vars

src\paneles\superadmin\Sidebar.jsx
  Line 34:9:  'handleLogout' is assigned a value but never used  no-unused-vars

Search for the keywords to learn more about each warning.
To ignore, add // eslint-disable-next-line to the line before.

[1m[33mWARNING[39m[22m in [1m[eslint] 
src\components\Topbar.jsx
  Line 29:9:  The href attribute requires a valid value to be accessible. Provide a valid, navigable address as the href value. If you cannot provide a valid href, but still need the element to resemble a link, use a button and change it with appropriate styles. Learn more: https://github.com/jsx-eslint/eslint-plugin-jsx-a11y/blob/HEAD/docs/rules/anchor-is-valid.md  jsx-a11y/anchor-is-valid

src\paneles\administrador\Encargados.jsx
  Line 309:13:  'resp' is assigned a value but never used  no-unused-vars

src\paneles\administrador\Materiales.jsx
  Line 13:7:   'COLORES_CANECA' is assigned a value but never used                                                                  no-unused-vars
  Line 33:44:  React Hook useEffect has a missing dependency: 'cargarMateriales'. Either include it or remove the dependency array  react-hooks/exhaustive-deps

src\paneles\administrador\Perfil.jsx
  Line 71:9:   'totalEntregas' is assigned a value but never used  no-unused-vars
  Line 73:9:   'totalKg' is assigned a value but never used        no-unused-vars
  Line 75:9:   'canjes' is assigned a value but never used         no-unused-vars
  Line 89:13:  'usuario' is assigned a value but never used        no-unused-vars

src\paneles\administrador\Recompensas.jsx
  Line 49:34:  React Hook useEffect has a missing dependency: 'cargar'. Either include it or remove the dependency array  react-hooks/exhaustive-deps

src\paneles\administrador\Usuarios.jsx
  Line 3:10:  'ALL_POINTS' is defined but never used                                                                                                                                                                                                             no-unused-vars
  Line 3:22:  'ZONAS' is defined but never used                                                                                                                                                                                                                  no-unused-vars
  Line 4:10:  'getRolCfg' is defined but never used                                                                                                                                                                                                              no-unused-vars
  Line 43:6:  React Hook useEffect has missing dependencies: 'dispatch' and 'showToast'. Either include them or remove the dependency array. If 'dispatch' changes too often, find the parent component that defines it and wrap that definition in useCallback  react-hooks/exhaustive-deps

src\paneles\encargado\Canjes.jsx
  Line 509:35:  'st' is assigned a value but never used  no-unused-vars

src\paneles\encargado\HistorialdeEntregas.jsx
  Line 5:13:    'S' is defined but never used                                           no-unused-vars
  Line 188:17:  Comments inside children section of tag should be placed inside braces  react/jsx-no-comment-textnodes

src\paneles\encargado\PanelEncargado.jsx
  Line 31:9:  'navigate' is assigned a value but never used  no-unused-vars

src\paneles\superadmin\Sidebar.jsx
  Line 34:9:  'handleLogout' is assigned a value but never used  no-unused-vars

[39m[22m

webpack compiled with [1m[33m1 warning[39m[22m
Compiling...
Failed to compile.

[eslint] 
src\paneles\administrador\Encargados.jsx
  Line 90:18:   'ZONAS' is not defined  no-undef
  Line 434:22:  'ZONAS' is not defined  no-undef

Search for the keywords to learn more about each error.
[1m[33mWARNING[39m[22m in [1m[eslint] 
src\components\Topbar.jsx
  Line 29:9:  The href attribute requires a valid value to be accessible. Provide a valid, navigable address as the href value. If you cannot provide a valid href, but still need the element to resemble a link, use a button and change it with appropriate styles. Learn more: https://github.com/jsx-eslint/eslint-plugin-jsx-a11y/blob/HEAD/docs/rules/anchor-is-valid.md  jsx-a11y/anchor-is-valid

src\paneles\administrador\Encargados.jsx
  Line 10:3:    'getZonas' is defined but never used       no-unused-vars
  Line 309:13:  'resp' is assigned a value but never used  no-unused-vars

src\paneles\administrador\Materiales.jsx
  Line 13:7:   'COLORES_CANECA' is assigned a value but never used                                                                  no-unused-vars
  Line 33:44:  React Hook useEffect has a missing dependency: 'cargarMateriales'. Either include it or remove the dependency array  react-hooks/exhaustive-deps

src\paneles\administrador\Perfil.jsx
  Line 71:9:   'totalEntregas' is assigned a value but never used  no-unused-vars
  Line 73:9:   'totalKg' is assigned a value but never used        no-unused-vars
  Line 75:9:   'canjes' is assigned a value but never used         no-unused-vars
  Line 89:13:  'usuario' is assigned a value but never used        no-unused-vars

src\paneles\administrador\Recompensas.jsx
  Line 49:34:  React Hook useEffect has a missing dependency: 'cargar'. Either include it or remove the dependency array  react-hooks/exhaustive-deps

src\paneles\administrador\Usuarios.jsx
  Line 3:10:  'ALL_POINTS' is defined but never used                                                                                                                                                                                                             no-unused-vars
  Line 3:22:  'ZONAS' is defined but never used                                                                                                                                                                                                                  no-unused-vars
  Line 4:10:  'getRolCfg' is defined but never used                                                                                                                                                                                                              no-unused-vars
  Line 43:6:  React Hook useEffect has missing dependencies: 'dispatch' and 'showToast'. Either include them or remove the dependency array. If 'dispatch' changes too often, find the parent component that defines it and wrap that definition in useCallback  react-hooks/exhaustive-deps

src\paneles\encargado\Canjes.jsx
  Line 509:35:  'st' is assigned a value but never used  no-unused-vars

src\paneles\encargado\HistorialdeEntregas.jsx
  Line 5:13:    'S' is defined but never used                                           no-unused-vars
  Line 188:17:  Comments inside children section of tag should be placed inside braces  react/jsx-no-comment-textnodes

src\paneles\encargado\PanelEncargado.jsx
  Line 31:9:  'navigate' is assigned a value but never used  no-unused-vars

src\paneles\superadmin\Sidebar.jsx
  Line 34:9:  'handleLogout' is assigned a value but never used  no-unused-vars

[39m[22m

[1m[31mERROR[39m[22m in [1m[eslint] 
src\paneles\administrador\Encargados.jsx
  Line 90:18:   'ZONAS' is not defined  no-undef
  Line 434:22:  'ZONAS' is not defined  no-undef

Search for the keywords to learn more about each [1m[31merror[39m[22m[1m.[39m[22m

webpack compiled with [1m[31m1 error[39m[22m and [1m[33m1 warning[39m[22m
Compiling...
Failed to compile.

[eslint] 
src\paneles\administrador\Encargados.jsx
  Line 90:18:   'ZONAS' is not defined  no-undef
  Line 435:22:  'ZONAS' is not defined  no-undef

Search for the keywords to learn more about each error.
[1m[33mWARNING[39m[22m in [1m[eslint] 
src\components\Topbar.jsx
  Line 29:9:  The href attribute requires a valid value to be accessible. Provide a valid, navigable address as the href value. If you cannot provide a valid href, but still need the element to resemble a link, use a button and change it with appropriate styles. Learn more: https://github.com/jsx-eslint/eslint-plugin-jsx-a11y/blob/HEAD/docs/rules/anchor-is-valid.md  jsx-a11y/anchor-is-valid

src\paneles\administrador\Encargados.jsx
  Line 10:3:    'getZonas' is defined but never used               no-unused-vars
  Line 189:10:  'zonasList' is assigned a value but never used     no-unused-vars
  Line 189:21:  'setZonasList' is assigned a value but never used  no-unused-vars
  Line 310:13:  'resp' is assigned a value but never used          no-unused-vars

src\paneles\administrador\Materiales.jsx
  Line 13:7:   'COLORES_CANECA' is assigned a value but never used                                                                  no-unused-vars
  Line 33:44:  React Hook useEffect has a missing dependency: 'cargarMateriales'. Either include it or remove the dependency array  react-hooks/exhaustive-deps

src\paneles\administrador\Perfil.jsx
  Line 71:9:   'totalEntregas' is assigned a value but never used  no-unused-vars
  Line 73:9:   'totalKg' is assigned a value but never used        no-unused-vars
  Line 75:9:   'canjes' is assigned a value but never used         no-unused-vars
  Line 89:13:  'usuario' is assigned a value but never used        no-unused-vars

src\paneles\administrador\Recompensas.jsx
  Line 49:34:  React Hook useEffect has a missing dependency: 'cargar'. Either include it or remove the dependency array  react-hooks/exhaustive-deps

src\paneles\administrador\Usuarios.jsx
  Line 3:10:  'ALL_POINTS' is defined but never used                                                                                                                                                                                                             no-unused-vars
  Line 3:22:  'ZONAS' is defined but never used                                                                                                                                                                                                                  no-unused-vars
  Line 4:10:  'getRolCfg' is defined but never used                                                                                                                                                                                                              no-unused-vars
  Line 43:6:  React Hook useEffect has missing dependencies: 'dispatch' and 'showToast'. Either include them or remove the dependency array. If 'dispatch' changes too often, find the parent component that defines it and wrap that definition in useCallback  react-hooks/exhaustive-deps

src\paneles\encargado\Canjes.jsx
  Line 509:35:  'st' is assigned a value but never used  no-unused-vars

src\paneles\encargado\HistorialdeEntregas.jsx
  Line 5:13:    'S' is defined but never used                                           no-unused-vars
  Line 188:17:  Comments inside children section of tag should be placed inside braces  react/jsx-no-comment-textnodes

src\paneles\encargado\PanelEncargado.jsx
  Line 31:9:  'navigate' is assigned a value but never used  no-unused-vars

src\paneles\superadmin\Sidebar.jsx
  Line 34:9:  'handleLogout' is assigned a value but never used  no-unused-vars

[39m[22m

[1m[31mERROR[39m[22m in [1m[eslint] 
src\paneles\administrador\Encargados.jsx
  Line 90:18:   'ZONAS' is not defined  no-undef
  Line 435:22:  'ZONAS' is not defined  no-undef

Search for the keywords to learn more about each [1m[31merror[39m[22m[1m.[39m[22m

webpack compiled with [1m[31m1 error[39m[22m and [1m[33m1 warning[39m[22m
Compiling...
Failed to compile.

[eslint] 
src\paneles\administrador\Encargados.jsx
  Line 90:18:   'ZONAS' is not defined  no-undef
  Line 442:22:  'ZONAS' is not defined  no-undef

Search for the keywords to learn more about each error.
[1m[33mWARNING[39m[22m in [1m[eslint] 
src\components\Topbar.jsx
  Line 29:9:  The href attribute requires a valid value to be accessible. Provide a valid, navigable address as the href value. If you cannot provide a valid href, but still need the element to resemble a link, use a button and change it with appropriate styles. Learn more: https://github.com/jsx-eslint/eslint-plugin-jsx-a11y/blob/HEAD/docs/rules/anchor-is-valid.md  jsx-a11y/anchor-is-valid

src\paneles\administrador\Encargados.jsx
  Line 189:10:  'zonasList' is assigned a value but never used  no-unused-vars
  Line 317:13:  'resp' is assigned a value but never used       no-unused-vars

src\paneles\administrador\Materiales.jsx
  Line 13:7:   'COLORES_CANECA' is assigned a value but never used                                                                  no-unused-vars
  Line 33:44:  React Hook useEffect has a missing dependency: 'cargarMateriales'. Either include it or remove the dependency array  react-hooks/exhaustive-deps

src\paneles\administrador\Perfil.jsx
  Line 71:9:   'totalEntregas' is assigned a value but never used  no-unused-vars
  Line 73:9:   'totalKg' is assigned a value but never used        no-unused-vars
  Line 75:9:   'canjes' is assigned a value but never used         no-unused-vars
  Line 89:13:  'usuario' is assigned a value but never used        no-unused-vars

src\paneles\administrador\Recompensas.jsx
  Line 49:34:  React Hook useEffect has a missing dependency: 'cargar'. Either include it or remove the dependency array  react-hooks/exhaustive-deps

src\paneles\administrador\Usuarios.jsx
  Line 3:10:  'ALL_POINTS' is defined but never used                                                                                                                                                                                                             no-unused-vars
  Line 3:22:  'ZONAS' is defined but never used                                                                                                                                                                                                                  no-unused-vars
  Line 4:10:  'getRolCfg' is defined but never used                                                                                                                                                                                                              no-unused-vars
  Line 43:6:  React Hook useEffect has missing dependencies: 'dispatch' and 'showToast'. Either include them or remove the dependency array. If 'dispatch' changes too often, find the parent component that defines it and wrap that definition in useCallback  react-hooks/exhaustive-deps

src\paneles\encargado\Canjes.jsx
  Line 509:35:  'st' is assigned a value but never used  no-unused-vars

src\paneles\encargado\HistorialdeEntregas.jsx
  Line 5:13:    'S' is defined but never used                                           no-unused-vars
  Line 188:17:  Comments inside children section of tag should be placed inside braces  react/jsx-no-comment-textnodes

src\paneles\encargado\PanelEncargado.jsx
  Line 31:9:  'navigate' is assigned a value but never used  no-unused-vars

src\paneles\superadmin\Sidebar.jsx
  Line 34:9:  'handleLogout' is assigned a value but never used  no-unused-vars

[39m[22m

[1m[31mERROR[39m[22m in [1m[eslint] 
src\paneles\administrador\Encargados.jsx
  Line 90:18:   'ZONAS' is not defined  no-undef
  Line 442:22:  'ZONAS' is not defined  no-undef

Search for the keywords to learn more about each [1m[31merror[39m[22m[1m.[39m[22m

webpack compiled with [1m[31m1 error[39m[22m and [1m[33m1 warning[39m[22m
Compiling...
Failed to compile.

[eslint] 
src\paneles\administrador\Encargados.jsx
Syntax error: Unexpected token (148:5) (148:5)
[1m[33mWARNING[39m[22m in [1m[eslint] 
src\components\Topbar.jsx
  Line 29:9:  The href attribute requires a valid value to be accessible. Provide a valid, navigable address as the href value. If you cannot provide a valid href, but still need the element to resemble a link, use a button and change it with appropriate styles. Learn more: https://github.com/jsx-eslint/eslint-plugin-jsx-a11y/blob/HEAD/docs/rules/anchor-is-valid.md  jsx-a11y/anchor-is-valid

src\paneles\administrador\Materiales.jsx
  Line 13:7:   'COLORES_CANECA' is assigned a value but never used                                                                  no-unused-vars
  Line 33:44:  React Hook useEffect has a missing dependency: 'cargarMateriales'. Either include it or remove the dependency array  react-hooks/exhaustive-deps

src\paneles\administrador\Perfil.jsx
  Line 71:9:   'totalEntregas' is assigned a value but never used  no-unused-vars
  Line 73:9:   'totalKg' is assigned a value but never used        no-unused-vars
  Line 75:9:   'canjes' is assigned a value but never used         no-unused-vars
  Line 89:13:  'usuario' is assigned a value but never used        no-unused-vars

src\paneles\administrador\Recompensas.jsx
  Line 49:34:  React Hook useEffect has a missing dependency: 'cargar'. Either include it or remove the dependency array  react-hooks/exhaustive-deps

src\paneles\administrador\Usuarios.jsx
  Line 3:10:  'ALL_POINTS' is defined but never used                                                                                                                                                                                                             no-unused-vars
  Line 3:22:  'ZONAS' is defined but never used                                                                                                                                                                                                                  no-unused-vars
  Line 4:10:  'getRolCfg' is defined but never used                                                                                                                                                                                                              no-unused-vars
  Line 43:6:  React Hook useEffect has missing dependencies: 'dispatch' and 'showToast'. Either include them or remove the dependency array. If 'dispatch' changes too often, find the parent component that defines it and wrap that definition in useCallback  react-hooks/exhaustive-deps

src\paneles\encargado\Canjes.jsx
  Line 509:35:  'st' is assigned a value but never used  no-unused-vars

src\paneles\encargado\HistorialdeEntregas.jsx
  Line 5:13:    'S' is defined but never used                                           no-unused-vars
  Line 188:17:  Comments inside children section of tag should be placed inside braces  react/jsx-no-comment-textnodes

src\paneles\encargado\PanelEncargado.jsx
  Line 31:9:  'navigate' is assigned a value but never used  no-unused-vars

src\paneles\superadmin\Sidebar.jsx
  Line 34:9:  'handleLogout' is assigned a value but never used  no-unused-vars

[39m[22m

[1m[31mERROR[39m[22m in [1m./src/paneles/administrador/Encargados.jsx[39m[22m
Module build failed (from ./node_modules/babel-loader/lib/index.js):
SyntaxError: C:\Users\kevin\Downloads\RECICLYNG_POINTS\FRONEND_definitivo\src\paneles\administrador\Encargados.jsx: Unexpected token (148:5)

[0m [90m 146 |[39m         [33m<[39m[33m/[39m[33mdiv[39m[33m>[39m
 [90m 147 |[39m       )}
[31m[1m>[22m[39m[90m 148 |[39m     [33m<[39m[33m/[39m[33mdiv[39m[33m>[39m
 [90m     |[39m      [31m[1m^[22m[39m
 [90m 149 |[39m   )[33m;[39m
 [90m 150 |[39m }[0m
    at constructor (C:\Users\kevin\Downloads\RECICLYNG_POINTS\FRONEND_definitivo\node_modules\@babel\parser\lib\index.js:365:19)
    at FlowParserMixin.raise (C:\Users\kevin\Downloads\RECICLYNG_POINTS\FRONEND_definitivo\node_modules\@babel\parser\lib\index.js:6599:19)
    at FlowParserMixin.unexpected (C:\Users\kevin\Downloads\RECICLYNG_POINTS\FRONEND_definitivo\node_modules\@babel\parser\lib\index.js:6619:16)
    at FlowParserMixin.jsxParseIdentifier (C:\Users\kevin\Downloads\RECICLYNG_POINTS\FRONEND_definitivo\node_modules\@babel\parser\lib\index.js:4569:12)
    at FlowParserMixin.jsxParseNamespacedName (C:\Users\kevin\Downloads\RECICLYNG_POINTS\FRONEND_definitivo\node_modules\@babel\parser\lib\index.js:4576:23)
    at FlowParserMixin.jsxParseElementName (C:\Users\kevin\Downloads\RECICLYNG_POINTS\FRONEND_definitivo\node_modules\@babel\parser\lib\index.js:4585:21)
    at FlowParserMixin.jsxParseOpeningElementAt (C:\Users\kevin\Downloads\RECICLYNG_POINTS\FRONEND_definitivo\node_modules\@babel\parser\lib\index.js:4661:22)
    at FlowParserMixin.jsxParseElementAt (C:\Users\kevin\Downloads\RECICLYNG_POINTS\FRONEND_definitivo\node_modules\@babel\parser\lib\index.js:4686:33)
    at FlowParserMixin.jsxParseElement (C:\Users\kevin\Downloads\RECICLYNG_POINTS\FRONEND_definitivo\node_modules\@babel\parser\lib\index.js:4749:17)
    at FlowParserMixin.parseExprAtom (C:\Users\kevin\Downloads\RECICLYNG_POINTS\FRONEND_definitivo\node_modules\@babel\parser\lib\index.js:4762:19)
    at FlowParserMixin.parseExprSubscripts (C:\Users\kevin\Downloads\RECICLYNG_POINTS\FRONEND_definitivo\node_modules\@babel\parser\lib\index.js:11081:23)
    at FlowParserMixin.parseUpdate (C:\Users\kevin\Downloads\RECICLYNG_POINTS\FRONEND_definitivo\node_modules\@babel\parser\lib\index.js:11066:21)
    at FlowParserMixin.parseMaybeUnary (C:\Users\kevin\Downloads\RECICLYNG_POINTS\FRONEND_definitivo\node_modules\@babel\parser\lib\index.js:11046:23)
    at FlowParserMixin.parseMaybeUnaryOrPrivate (C:\Users\kevin\Downloads\RECICLYNG_POINTS\FRONEND_definitivo\node_modules\@babel\parser\lib\index.js:10899:61)
    at FlowParserMixin.parseExprOps (C:\Users\kevin\Downloads\RECICLYNG_POINTS\FRONEND_definitivo\node_modules\@babel\parser\lib\index.js:10904:23)
    at FlowParserMixin.parseMaybeConditional (C:\Users\kevin\Downloads\RECICLYNG_POINTS\FRONEND_definitivo\node_modules\@babel\parser\lib\index.js:10881:23)
    at FlowParserMixin.parseMaybeAssign (C:\Users\kevin\Downloads\RECICLYNG_POINTS\FRONEND_definitivo\node_modules\@babel\parser\lib\index.js:10831:21)
    at C:\Users\kevin\Downloads\RECICLYNG_POINTS\FRONEND_definitivo\node_modules\@babel\parser\lib\index.js:3498:39
    at FlowParserMixin.tryParse (C:\Users\kevin\Downloads\RECICLYNG_POINTS\FRONEND_definitivo\node_modules\@babel\parser\lib\index.js:6907:20)
    at FlowParserMixin.parseMaybeAssign (C:\Users\kevin\Downloads\RECICLYNG_POINTS\FRONEND_definitivo\node_modules\@babel\parser\lib\index.js:3498:18)
    at FlowParserMixin.parseExpressionBase (C:\Users\kevin\Downloads\RECICLYNG_POINTS\FRONEND_definitivo\node_modules\@babel\parser\lib\index.js:10784:23)
    at C:\Users\kevin\Downloads\RECICLYNG_POINTS\FRONEND_definitivo\node_modules\@babel\parser\lib\index.js:10780:39
    at FlowParserMixin.allowInAnd (C:\Users\kevin\Downloads\RECICLYNG_POINTS\FRONEND_definitivo\node_modules\@babel\parser\lib\index.js:12421:16)
    at FlowParserMixin.parseExpression (C:\Users\kevin\Downloads\RECICLYNG_POINTS\FRONEND_definitivo\node_modules\@babel\parser\lib\index.js:10780:17)
    at FlowParserMixin.parseStatementContent (C:\Users\kevin\Downloads\RECICLYNG_POINTS\FRONEND_definitivo\node_modules\@babel\parser\lib\index.js:12895:23)
    at FlowParserMixin.parseStatementLike (C:\Users\kevin\Downloads\RECICLYNG_POINTS\FRONEND_definitivo\node_modules\@babel\parser\lib\index.js:12767:17)
    at FlowParserMixin.parseStatementLike (C:\Users\kevin\Downloads\RECICLYNG_POINTS\FRONEND_definitivo\node_modules\@babel\parser\lib\index.js:2918:24)
    at FlowParserMixin.parseModuleItem (C:\Users\kevin\Downloads\RECICLYNG_POINTS\FRONEND_definitivo\node_modules\@babel\parser\lib\index.js:12744:17)
    at FlowParserMixin.parseBlockOrModuleBlockBody (C:\Users\kevin\Downloads\RECICLYNG_POINTS\FRONEND_definitivo\node_modules\@babel\parser\lib\index.js:13316:36)
    at FlowParserMixin.parseBlockBody (C:\Users\kevin\Downloads\RECICLYNG_POINTS\FRONEND_definitivo\node_modules\@babel\parser\lib\index.js:13309:10)
    at FlowParserMixin.parseProgram (C:\Users\kevin\Downloads\RECICLYNG_POINTS\FRONEND_definitivo\node_modules\@babel\parser\lib\index.js:12622:10)
    at FlowParserMixin.parseTopLevel (C:\Users\kevin\Downloads\RECICLYNG_POINTS\FRONEND_definitivo\node_modules\@babel\parser\lib\index.js:12612:25)
    at FlowParserMixin.parseTopLevel (C:\Users\kevin\Downloads\RECICLYNG_POINTS\FRONEND_definitivo\node_modules\@babel\parser\lib\index.js:3685:28)
    at FlowParserMixin.parse (C:\Users\kevin\Downloads\RECICLYNG_POINTS\FRONEND_definitivo\node_modules\@babel\parser\lib\index.js:14488:25)
    at parse (C:\Users\kevin\Downloads\RECICLYNG_POINTS\FRONEND_definitivo\node_modules\@babel\parser\lib\index.js:14522:38)
    at parser (C:\Users\kevin\Downloads\RECICLYNG_POINTS\FRONEND_definitivo\node_modules\@babel\core\lib\parser\index.js:41:34)
    at parser.next (<anonymous>)
    at normalizeFile (C:\Users\kevin\Downloads\RECICLYNG_POINTS\FRONEND_definitivo\node_modules\@babel\core\lib\transformation\normalize-file.js:64:37)
    at normalizeFile.next (<anonymous>)
    at run (C:\Users\kevin\Downloads\RECICLYNG_POINTS\FRONEND_definitivo\node_modules\@babel\core\lib\transformation\index.js:22:50)
    at run.next (<anonymous>)
    at transform (C:\Users\kevin\Downloads\RECICLYNG_POINTS\FRONEND_definitivo\node_modules\@babel\core\lib\transform.js:22:33)
    at transform.next (<anonymous>)
    at step (C:\Users\kevin\Downloads\RECICLYNG_POINTS\FRONEND_definitivo\node_modules\gensync\index.js:261:32)
    at C:\Users\kevin\Downloads\RECICLYNG_POINTS\FRONEND_definitivo\node_modules\gensync\index.js:273:13
    at async.call.result.err.err (C:\Users\kevin\Downloads\RECICLYNG_POINTS\FRONEND_definitivo\node_modules\gensync\index.js:223:11)

[1m[31mERROR[39m[22m in [1m[eslint] 
src\paneles\administrador\Encargados.jsx
  Line 148:5:  Parsing [1m[31merror[39m[22m[1m: [1m[31mUnexpected[39m[22m[1m token (148:5)

[39m[22m

webpack compiled with [1m[31m2 errors[39m[22m and [1m[33m1 warning[39m[22m
Compiling...
Failed to compile.

[eslint] 
src\paneles\administrador\Encargados.jsx
  Line 90:18:  'zonasList' is not defined  no-undef

Search for the keywords to learn more about each error.
[1m[33mWARNING[39m[22m in [1m[eslint] 
src\components\Topbar.jsx
  Line 29:9:  The href attribute requires a valid value to be accessible. Provide a valid, navigable address as the href value. If you cannot provide a valid href, but still need the element to resemble a link, use a button and change it with appropriate styles. Learn more: https://github.com/jsx-eslint/eslint-plugin-jsx-a11y/blob/HEAD/docs/rules/anchor-is-valid.md  jsx-a11y/anchor-is-valid

src\paneles\administrador\Encargados.jsx
  Line 317:13:  'resp' is assigned a value but never used  no-unused-vars

src\paneles\administrador\Materiales.jsx
  Line 13:7:   'COLORES_CANECA' is assigned a value but never used                                                                  no-unused-vars
  Line 33:44:  React Hook useEffect has a missing dependency: 'cargarMateriales'. Either include it or remove the dependency array  react-hooks/exhaustive-deps

src\paneles\administrador\Perfil.jsx
  Line 71:9:   'totalEntregas' is assigned a value but never used  no-unused-vars
  Line 73:9:   'totalKg' is assigned a value but never used        no-unused-vars
  Line 75:9:   'canjes' is assigned a value but never used         no-unused-vars
  Line 89:13:  'usuario' is assigned a value but never used        no-unused-vars

src\paneles\administrador\Recompensas.jsx
  Line 49:34:  React Hook useEffect has a missing dependency: 'cargar'. Either include it or remove the dependency array  react-hooks/exhaustive-deps

src\paneles\administrador\Usuarios.jsx
  Line 3:10:  'ALL_POINTS' is defined but never used                                                                                                                                                                                                             no-unused-vars
  Line 3:22:  'ZONAS' is defined but never used                                                                                                                                                                                                                  no-unused-vars
  Line 4:10:  'getRolCfg' is defined but never used                                                                                                                                                                                                              no-unused-vars
  Line 43:6:  React Hook useEffect has missing dependencies: 'dispatch' and 'showToast'. Either include them or remove the dependency array. If 'dispatch' changes too often, find the parent component that defines it and wrap that definition in useCallback  react-hooks/exhaustive-deps

src\paneles\encargado\Canjes.jsx
  Line 509:35:  'st' is assigned a value but never used  no-unused-vars

src\paneles\encargado\HistorialdeEntregas.jsx
  Line 5:13:    'S' is defined but never used                                           no-unused-vars
  Line 188:17:  Comments inside children section of tag should be placed inside braces  react/jsx-no-comment-textnodes

src\paneles\encargado\PanelEncargado.jsx
  Line 31:9:  'navigate' is assigned a value but never used  no-unused-vars

src\paneles\superadmin\Sidebar.jsx
  Line 34:9:  'handleLogout' is assigned a value but never used  no-unused-vars

[39m[22m

[1m[31mERROR[39m[22m in [1m[eslint] 
src\paneles\administrador\Encargados.jsx
  Line 90:18:  'zonasList' is not defined  no-undef

Search for the keywords to learn more about each [1m[31merror[39m[22m[1m.[39m[22m

webpack compiled with [1m[31m1 error[39m[22m and [1m[33m1 warning[39m[22m
Compiling...
Failed to compile.

[eslint] 
src\components\UserShared.jsx
  Line 237:20:  'ZONAS' is not defined  no-undef

src\paneles\administrador\Encargados.jsx
  Line 90:18:  'zonasList' is not defined  no-undef

Search for the keywords to learn more about each error.
[1m[33mWARNING[39m[22m in [1m[eslint] 
src\components\Topbar.jsx
  Line 29:9:  The href attribute requires a valid value to be accessible. Provide a valid, navigable address as the href value. If you cannot provide a valid href, but still need the element to resemble a link, use a button and change it with appropriate styles. Learn more: https://github.com/jsx-eslint/eslint-plugin-jsx-a11y/blob/HEAD/docs/rules/anchor-is-valid.md  jsx-a11y/anchor-is-valid

src\components\UserShared.jsx
  Line 3:30:  'getZonas' is defined but never used  no-unused-vars

src\paneles\administrador\Encargados.jsx
  Line 317:13:  'resp' is assigned a value but never used  no-unused-vars

src\paneles\administrador\Materiales.jsx
  Line 13:7:   'COLORES_CANECA' is assigned a value but never used                                                                  no-unused-vars
  Line 33:44:  React Hook useEffect has a missing dependency: 'cargarMateriales'. Either include it or remove the dependency array  react-hooks/exhaustive-deps

src\paneles\administrador\Perfil.jsx
  Line 71:9:   'totalEntregas' is assigned a value but never used  no-unused-vars
  Line 73:9:   'totalKg' is assigned a value but never used        no-unused-vars
  Line 75:9:   'canjes' is assigned a value but never used         no-unused-vars
  Line 89:13:  'usuario' is assigned a value but never used        no-unused-vars

src\paneles\administrador\Recompensas.jsx
  Line 49:34:  React Hook useEffect has a missing dependency: 'cargar'. Either include it or remove the dependency array  react-hooks/exhaustive-deps

src\paneles\administrador\Usuarios.jsx
  Line 3:10:  'ALL_POINTS' is defined but never used                                                                                                                                                                                                             no-unused-vars
  Line 3:22:  'ZONAS' is defined but never used                                                                                                                                                                                                                  no-unused-vars
  Line 4:10:  'getRolCfg' is defined but never used                                                                                                                                                                                                              no-unused-vars
  Line 43:6:  React Hook useEffect has missing dependencies: 'dispatch' and 'showToast'. Either include them or remove the dependency array. If 'dispatch' changes too often, find the parent component that defines it and wrap that definition in useCallback  react-hooks/exhaustive-deps

src\paneles\encargado\Canjes.jsx
  Line 509:35:  'st' is assigned a value but never used  no-unused-vars

src\paneles\encargado\HistorialdeEntregas.jsx
  Line 5:13:    'S' is defined but never used                                           no-unused-vars
  Line 188:17:  Comments inside children section of tag should be placed inside braces  react/jsx-no-comment-textnodes

src\paneles\encargado\PanelEncargado.jsx
  Line 31:9:  'navigate' is assigned a value but never used  no-unused-vars

src\paneles\superadmin\Sidebar.jsx
  Line 34:9:  'handleLogout' is assigned a value but never used  no-unused-vars

[39m[22m

[1m[31mERROR[39m[22m in [1m[eslint] 
src\components\UserShared.jsx
  Line 237:20:  'ZONAS' is not defined  no-undef

src\paneles\administrador\Encargados.jsx
  Line 90:18:  'zonasList' is not defined  no-undef

Search for the keywords to learn more about each [1m[31merror[39m[22m[1m.[39m[22m

webpack compiled with [1m[31m1 error[39m[22m and [1m[33m1 warning[39m[22m
Compiling...
Failed to compile.

[eslint] 
src\components\UserShared.jsx
  Line 241:20:  'ZONAS' is not defined  no-undef

src\paneles\administrador\Encargados.jsx
  Line 90:18:  'zonasList' is not defined  no-undef

Search for the keywords to learn more about each error.
[1m[33mWARNING[39m[22m in [1m[eslint] 
src\components\Topbar.jsx
  Line 29:9:  The href attribute requires a valid value to be accessible. Provide a valid, navigable address as the href value. If you cannot provide a valid href, but still need the element to resemble a link, use a button and change it with appropriate styles. Learn more: https://github.com/jsx-eslint/eslint-plugin-jsx-a11y/blob/HEAD/docs/rules/anchor-is-valid.md  jsx-a11y/anchor-is-valid

src\components\UserShared.jsx
  Line 58:10:  'zonasList' is assigned a value but never used  no-unused-vars

src\paneles\administrador\Encargados.jsx
  Line 317:13:  'resp' is assigned a value but never used  no-unused-vars

src\paneles\administrador\Materiales.jsx
  Line 13:7:   'COLORES_CANECA' is assigned a value but never used                                                                  no-unused-vars
  Line 33:44:  React Hook useEffect has a missing dependency: 'cargarMateriales'. Either include it or remove the dependency array  react-hooks/exhaustive-deps

src\paneles\administrador\Perfil.jsx
  Line 71:9:   'totalEntregas' is assigned a value but never used  no-unused-vars
  Line 73:9:   'totalKg' is assigned a value but never used        no-unused-vars
  Line 75:9:   'canjes' is assigned a value but never used         no-unused-vars
  Line 89:13:  'usuario' is assigned a value but never used        no-unused-vars

src\paneles\administrador\Recompensas.jsx
  Line 49:34:  React Hook useEffect has a missing dependency: 'cargar'. Either include it or remove the dependency array  react-hooks/exhaustive-deps

src\paneles\administrador\Usuarios.jsx
  Line 3:10:  'ALL_POINTS' is defined but never used                                                                                                                                                                                                             no-unused-vars
  Line 3:22:  'ZONAS' is defined but never used                                                                                                                                                                                                                  no-unused-vars
  Line 4:10:  'getRolCfg' is defined but never used                                                                                                                                                                                                              no-unused-vars
  Line 43:6:  React Hook useEffect has missing dependencies: 'dispatch' and 'showToast'. Either include them or remove the dependency array. If 'dispatch' changes too often, find the parent component that defines it and wrap that definition in useCallback  react-hooks/exhaustive-deps

src\paneles\encargado\Canjes.jsx
  Line 509:35:  'st' is assigned a value but never used  no-unused-vars

src\paneles\encargado\HistorialdeEntregas.jsx
  Line 5:13:    'S' is defined but never used                                           no-unused-vars
  Line 188:17:  Comments inside children section of tag should be placed inside braces  react/jsx-no-comment-textnodes

src\paneles\encargado\PanelEncargado.jsx
  Line 31:9:  'navigate' is assigned a value but never used  no-unused-vars

src\paneles\superadmin\Sidebar.jsx
  Line 34:9:  'handleLogout' is assigned a value but never used  no-unused-vars

[39m[22m

[1m[31mERROR[39m[22m in [1m[eslint] 
src\components\UserShared.jsx
  Line 241:20:  'ZONAS' is not defined  no-undef

src\paneles\administrador\Encargados.jsx
  Line 90:18:  'zonasList' is not defined  no-undef

Search for the keywords to learn more about each [1m[31merror[39m[22m[1m.[39m[22m

webpack compiled with [1m[31m1 error[39m[22m and [1m[33m1 warning[39m[22m
Compiling...
Failed to compile.

[eslint] 
src\paneles\administrador\Encargados.jsx
  Line 90:18:  'zonasList' is not defined  no-undef

Search for the keywords to learn more about each error.
[1m[33mWARNING[39m[22m in [1m[eslint] 
src\components\Topbar.jsx
  Line 29:9:  The href attribute requires a valid value to be accessible. Provide a valid, navigable address as the href value. If you cannot provide a valid href, but still need the element to resemble a link, use a button and change it with appropriate styles. Learn more: https://github.com/jsx-eslint/eslint-plugin-jsx-a11y/blob/HEAD/docs/rules/anchor-is-valid.md  jsx-a11y/anchor-is-valid

src\paneles\administrador\Encargados.jsx
  Line 317:13:  'resp' is assigned a value but never used  no-unused-vars

src\paneles\administrador\Materiales.jsx
  Line 13:7:   'COLORES_CANECA' is assigned a value but never used                                                                  no-unused-vars
  Line 33:44:  React Hook useEffect has a missing dependency: 'cargarMateriales'. Either include it or remove the dependency array  react-hooks/exhaustive-deps

src\paneles\administrador\Perfil.jsx
  Line 71:9:   'totalEntregas' is assigned a value but never used  no-unused-vars
  Line 73:9:   'totalKg' is assigned a value but never used        no-unused-vars
  Line 75:9:   'canjes' is assigned a value but never used         no-unused-vars
  Line 89:13:  'usuario' is assigned a value but never used        no-unused-vars

src\paneles\administrador\Recompensas.jsx
  Line 49:34:  React Hook useEffect has a missing dependency: 'cargar'. Either include it or remove the dependency array  react-hooks/exhaustive-deps

src\paneles\administrador\Usuarios.jsx
  Line 3:10:  'ALL_POINTS' is defined but never used                                                                                                                                                                                                             no-unused-vars
  Line 3:22:  'ZONAS' is defined but never used                                                                                                                                                                                                                  no-unused-vars
  Line 4:10:  'getRolCfg' is defined but never used                                                                                                                                                                                                              no-unused-vars
  Line 43:6:  React Hook useEffect has missing dependencies: 'dispatch' and 'showToast'. Either include them or remove the dependency array. If 'dispatch' changes too often, find the parent component that defines it and wrap that definition in useCallback  react-hooks/exhaustive-deps

src\paneles\encargado\Canjes.jsx
  Line 509:35:  'st' is assigned a value but never used  no-unused-vars

src\paneles\encargado\HistorialdeEntregas.jsx
  Line 5:13:    'S' is defined but never used                                           no-unused-vars
  Line 188:17:  Comments inside children section of tag should be placed inside braces  react/jsx-no-comment-textnodes

src\paneles\encargado\PanelEncargado.jsx
  Line 31:9:  'navigate' is assigned a value but never used  no-unused-vars

src\paneles\superadmin\Sidebar.jsx
  Line 34:9:  'handleLogout' is assigned a value but never used  no-unused-vars

[39m[22m

[1m[31mERROR[39m[22m in [1m[eslint] 
src\paneles\administrador\Encargados.jsx
  Line 90:18:  'zonasList' is not defined  no-undef

Search for the keywords to learn more about each [1m[31merror[39m[22m[1m.[39m[22m

webpack compiled with [1m[31m1 error[39m[22m and [1m[33m1 warning[39m[22m
Compiling...
Failed to compile.

[eslint] 
src\paneles\administrador\Encargados.jsx
  Line 90:18:  'zonasList' is not defined  no-undef

src\paneles\administrador\Materiales.jsx
  Line 171:12:  'ZONAS' is not defined  no-undef
  Line 328:22:  'ZONAS' is not defined  no-undef

Search for the keywords to learn more about each error.
[1m[33mWARNING[39m[22m in [1m[eslint] 
src\components\Topbar.jsx
  Line 29:9:  The href attribute requires a valid value to be accessible. Provide a valid, navigable address as the href value. If you cannot provide a valid href, but still need the element to resemble a link, use a button and change it with appropriate styles. Learn more: https://github.com/jsx-eslint/eslint-plugin-jsx-a11y/blob/HEAD/docs/rules/anchor-is-valid.md  jsx-a11y/anchor-is-valid

src\paneles\administrador\Encargados.jsx
  Line 317:13:  'resp' is assigned a value but never used  no-unused-vars

src\paneles\administrador\Materiales.jsx
  Line 8:3:    'getZonas' is defined but never used                                                                                 no-unused-vars
  Line 12:7:   'COLORES_CANECA' is assigned a value but never used                                                                  no-unused-vars
  Line 32:44:  React Hook useEffect has a missing dependency: 'cargarMateriales'. Either include it or remove the dependency array  react-hooks/exhaustive-deps

src\paneles\administrador\Perfil.jsx
  Line 71:9:   'totalEntregas' is assigned a value but never used  no-unused-vars
  Line 73:9:   'totalKg' is assigned a value but never used        no-unused-vars
  Line 75:9:   'canjes' is assigned a value but never used         no-unused-vars
  Line 89:13:  'usuario' is assigned a value but never used        no-unused-vars

src\paneles\administrador\Recompensas.jsx
  Line 49:34:  React Hook useEffect has a missing dependency: 'cargar'. Either include it or remove the dependency array  react-hooks/exhaustive-deps

src\paneles\administrador\Usuarios.jsx
  Line 3:10:  'ALL_POINTS' is defined but never used                                                                                                                                                                                                             no-unused-vars
  Line 3:22:  'ZONAS' is defined but never used                                                                                                                                                                                                                  no-unused-vars
  Line 4:10:  'getRolCfg' is defined but never used                                                                                                                                                                                                              no-unused-vars
  Line 43:6:  React Hook useEffect has missing dependencies: 'dispatch' and 'showToast'. Either include them or remove the dependency array. If 'dispatch' changes too often, find the parent component that defines it and wrap that definition in useCallback  react-hooks/exhaustive-deps

src\paneles\encargado\Canjes.jsx
  Line 509:35:  'st' is assigned a value but never used  no-unused-vars

src\paneles\encargado\HistorialdeEntregas.jsx
  Line 5:13:    'S' is defined but never used                                           no-unused-vars
  Line 188:17:  Comments inside children section of tag should be placed inside braces  react/jsx-no-comment-textnodes

src\paneles\encargado\PanelEncargado.jsx
  Line 31:9:  'navigate' is assigned a value but never used  no-unused-vars

src\paneles\superadmin\Sidebar.jsx
  Line 34:9:  'handleLogout' is assigned a value but never used  no-unused-vars

[39m[22m

[1m[31mERROR[39m[22m in [1m[eslint] 
src\paneles\administrador\Encargados.jsx
  Line 90:18:  'zonasList' is not defined  no-undef

src\paneles\administrador\Materiales.jsx
  Line 171:12:  'ZONAS' is not defined  no-undef
  Line 328:22:  'ZONAS' is not defined  no-undef

Search for the keywords to learn more about each [1m[31merror[39m[22m[1m.[39m[22m

webpack compiled with [1m[31m1 error[39m[22m and [1m[33m1 warning[39m[22m
Compiling...
Failed to compile.

[eslint] 
src\paneles\administrador\Encargados.jsx
  Line 90:18:  'zonasList' is not defined  no-undef

src\paneles\administrador\Materiales.jsx
  Line 33:41:   'cargarZonas' is not defined  no-undef
  Line 172:12:  'ZONAS' is not defined        no-undef
  Line 329:22:  'ZONAS' is not defined        no-undef

Search for the keywords to learn more about each error.
[1m[33mWARNING[39m[22m in [1m[eslint] 
src\components\Topbar.jsx
  Line 29:9:  The href attribute requires a valid value to be accessible. Provide a valid, navigable address as the href value. If you cannot provide a valid href, but still need the element to resemble a link, use a button and change it with appropriate styles. Learn more: https://github.com/jsx-eslint/eslint-plugin-jsx-a11y/blob/HEAD/docs/rules/anchor-is-valid.md  jsx-a11y/anchor-is-valid

src\paneles\administrador\Encargados.jsx
  Line 317:13:  'resp' is assigned a value but never used  no-unused-vars

src\paneles\administrador\Materiales.jsx
  Line 8:3:    'getZonas' is defined but never used                                                                                 no-unused-vars
  Line 12:7:   'COLORES_CANECA' is assigned a value but never used                                                                  no-unused-vars
  Line 31:10:  'zonasList' is assigned a value but never used                                                                       no-unused-vars
  Line 31:21:  'setZonasList' is assigned a value but never used                                                                    no-unused-vars
  Line 33:59:  React Hook useEffect has a missing dependency: 'cargarMateriales'. Either include it or remove the dependency array  react-hooks/exhaustive-deps

src\paneles\administrador\Perfil.jsx
  Line 71:9:   'totalEntregas' is assigned a value but never used  no-unused-vars
  Line 73:9:   'totalKg' is assigned a value but never used        no-unused-vars
  Line 75:9:   'canjes' is assigned a value but never used         no-unused-vars
  Line 89:13:  'usuario' is assigned a value but never used        no-unused-vars

src\paneles\administrador\Recompensas.jsx
  Line 49:34:  React Hook useEffect has a missing dependency: 'cargar'. Either include it or remove the dependency array  react-hooks/exhaustive-deps

src\paneles\administrador\Usuarios.jsx
  Line 3:10:  'ALL_POINTS' is defined but never used                                                                                                                                                                                                             no-unused-vars
  Line 3:22:  'ZONAS' is defined but never used                                                                                                                                                                                                                  no-unused-vars
  Line 4:10:  'getRolCfg' is defined but never used                                                                                                                                                                                                              no-unused-vars
  Line 43:6:  React Hook useEffect has missing dependencies: 'dispatch' and 'showToast'. Either include them or remove the dependency array. If 'dispatch' changes too often, find the parent component that defines it and wrap that definition in useCallback  react-hooks/exhaustive-deps

src\paneles\encargado\Canjes.jsx
  Line 509:35:  'st' is assigned a value but never used  no-unused-vars

src\paneles\encargado\HistorialdeEntregas.jsx
  Line 5:13:    'S' is defined but never used                                           no-unused-vars
  Line 188:17:  Comments inside children section of tag should be placed inside braces  react/jsx-no-comment-textnodes

src\paneles\encargado\PanelEncargado.jsx
  Line 31:9:  'navigate' is assigned a value but never used  no-unused-vars

src\paneles\superadmin\Sidebar.jsx
  Line 34:9:  'handleLogout' is assigned a value but never used  no-unused-vars

[39m[22m

[1m[31mERROR[39m[22m in [1m[eslint] 
src\paneles\administrador\Encargados.jsx
  Line 90:18:  'zonasList' is not defined  no-undef

src\paneles\administrador\Materiales.jsx
  Line 33:41:   'cargarZonas' is not defined  no-undef
  Line 172:12:  'ZONAS' is not defined        no-undef
  Line 329:22:  'ZONAS' is not defined        no-undef

Search for the keywords to learn more about each [1m[31merror[39m[22m[1m.[39m[22m

webpack compiled with [1m[31m1 error[39m[22m and [1m[33m1 warning[39m[22m
Compiling...
Failed to compile.

[eslint] 
src\paneles\administrador\Encargados.jsx
  Line 90:18:  'zonasList' is not defined  no-undef

src\paneles\administrador\Materiales.jsx
  Line 176:12:  'ZONAS' is not defined  no-undef
  Line 333:22:  'ZONAS' is not defined  no-undef

Search for the keywords to learn more about each error.
[1m[33mWARNING[39m[22m in [1m[eslint] 
src\components\Topbar.jsx
  Line 29:9:  The href attribute requires a valid value to be accessible. Provide a valid, navigable address as the href value. If you cannot provide a valid href, but still need the element to resemble a link, use a button and change it with appropriate styles. Learn more: https://github.com/jsx-eslint/eslint-plugin-jsx-a11y/blob/HEAD/docs/rules/anchor-is-valid.md  jsx-a11y/anchor-is-valid

src\paneles\administrador\Encargados.jsx
  Line 317:13:  'resp' is assigned a value but never used  no-unused-vars

src\paneles\administrador\Materiales.jsx
  Line 12:7:   'COLORES_CANECA' is assigned a value but never used                                                                  no-unused-vars
  Line 31:10:  'zonasList' is assigned a value but never used                                                                       no-unused-vars
  Line 33:59:  React Hook useEffect has a missing dependency: 'cargarMateriales'. Either include it or remove the dependency array  react-hooks/exhaustive-deps

src\paneles\administrador\Perfil.jsx
  Line 71:9:   'totalEntregas' is assigned a value but never used  no-unused-vars
  Line 73:9:   'totalKg' is assigned a value but never used        no-unused-vars
  Line 75:9:   'canjes' is assigned a value but never used         no-unused-vars
  Line 89:13:  'usuario' is assigned a value but never used        no-unused-vars

src\paneles\administrador\Recompensas.jsx
  Line 49:34:  React Hook useEffect has a missing dependency: 'cargar'. Either include it or remove the dependency array  react-hooks/exhaustive-deps

src\paneles\administrador\Usuarios.jsx
  Line 3:10:  'ALL_POINTS' is defined but never used                                                                                                                                                                                                             no-unused-vars
  Line 3:22:  'ZONAS' is defined but never used                                                                                                                                                                                                                  no-unused-vars
  Line 4:10:  'getRolCfg' is defined but never used                                                                                                                                                                                                              no-unused-vars
  Line 43:6:  React Hook useEffect has missing dependencies: 'dispatch' and 'showToast'. Either include them or remove the dependency array. If 'dispatch' changes too often, find the parent component that defines it and wrap that definition in useCallback  react-hooks/exhaustive-deps

src\paneles\encargado\Canjes.jsx
  Line 509:35:  'st' is assigned a value but never used  no-unused-vars

src\paneles\encargado\HistorialdeEntregas.jsx
  Line 5:13:    'S' is defined but never used                                           no-unused-vars
  Line 188:17:  Comments inside children section of tag should be placed inside braces  react/jsx-no-comment-textnodes

src\paneles\encargado\PanelEncargado.jsx
  Line 31:9:  'navigate' is assigned a value but never used  no-unused-vars

src\paneles\superadmin\Sidebar.jsx
  Line 34:9:  'handleLogout' is assigned a value but never used  no-unused-vars

[39m[22m

[1m[31mERROR[39m[22m in [1m[eslint] 
src\paneles\administrador\Encargados.jsx
  Line 90:18:  'zonasList' is not defined  no-undef

src\paneles\administrador\Materiales.jsx
  Line 176:12:  'ZONAS' is not defined  no-undef
  Line 333:22:  'ZONAS' is not defined  no-undef

Search for the keywords to learn more about each [1m[31merror[39m[22m[1m.[39m[22m

webpack compiled with [1m[31m1 error[39m[22m and [1m[33m1 warning[39m[22m
Compiling...
Failed to compile.

[eslint] 
src\paneles\administrador\Encargados.jsx
  Line 90:18:  'zonasList' is not defined  no-undef

src\paneles\administrador\Materiales.jsx
  Line 333:22:  'ZONAS' is not defined  no-undef

Search for the keywords to learn more about each error.
[1m[33mWARNING[39m[22m in [1m[eslint] 
src\components\Topbar.jsx
  Line 29:9:  The href attribute requires a valid value to be accessible. Provide a valid, navigable address as the href value. If you cannot provide a valid href, but still need the element to resemble a link, use a button and change it with appropriate styles. Learn more: https://github.com/jsx-eslint/eslint-plugin-jsx-a11y/blob/HEAD/docs/rules/anchor-is-valid.md  jsx-a11y/anchor-is-valid

src\paneles\administrador\Encargados.jsx
  Line 317:13:  'resp' is assigned a value but never used  no-unused-vars

src\paneles\administrador\Materiales.jsx
  Line 12:7:   'COLORES_CANECA' is assigned a value but never used                                                                  no-unused-vars
  Line 33:59:  React Hook useEffect has a missing dependency: 'cargarMateriales'. Either include it or remove the dependency array  react-hooks/exhaustive-deps

src\paneles\administrador\Perfil.jsx
  Line 71:9:   'totalEntregas' is assigned a value but never used  no-unused-vars
  Line 73:9:   'totalKg' is assigned a value but never used        no-unused-vars
  Line 75:9:   'canjes' is assigned a value but never used         no-unused-vars
  Line 89:13:  'usuario' is assigned a value but never used        no-unused-vars

src\paneles\administrador\Recompensas.jsx
  Line 49:34:  React Hook useEffect has a missing dependency: 'cargar'. Either include it or remove the dependency array  react-hooks/exhaustive-deps

src\paneles\administrador\Usuarios.jsx
  Line 3:10:  'ALL_POINTS' is defined but never used                                                                                                                                                                                                             no-unused-vars
  Line 3:22:  'ZONAS' is defined but never used                                                                                                                                                                                                                  no-unused-vars
  Line 4:10:  'getRolCfg' is defined but never used                                                                                                                                                                                                              no-unused-vars
  Line 43:6:  React Hook useEffect has missing dependencies: 'dispatch' and 'showToast'. Either include them or remove the dependency array. If 'dispatch' changes too often, find the parent component that defines it and wrap that definition in useCallback  react-hooks/exhaustive-deps

src\paneles\encargado\Canjes.jsx
  Line 509:35:  'st' is assigned a value but never used  no-unused-vars

src\paneles\encargado\HistorialdeEntregas.jsx
  Line 5:13:    'S' is defined but never used                                           no-unused-vars
  Line 188:17:  Comments inside children section of tag should be placed inside braces  react/jsx-no-comment-textnodes

src\paneles\encargado\PanelEncargado.jsx
  Line 31:9:  'navigate' is assigned a value but never used  no-unused-vars

src\paneles\superadmin\Sidebar.jsx
  Line 34:9:  'handleLogout' is assigned a value but never used  no-unused-vars

[39m[22m

[1m[31mERROR[39m[22m in [1m[eslint] 
src\paneles\administrador\Encargados.jsx
  Line 90:18:  'zonasList' is not defined  no-undef

src\paneles\administrador\Materiales.jsx
  Line 333:22:  'ZONAS' is not defined  no-undef

Search for the keywords to learn more about each [1m[31merror[39m[22m[1m.[39m[22m

webpack compiled with [1m[31m1 error[39m[22m and [1m[33m1 warning[39m[22m
Compiling...
Failed to compile.

[eslint] 
src\paneles\administrador\Encargados.jsx
  Line 90:18:  'zonasList' is not defined  no-undef

Search for the keywords to learn more about each error.
[1m[33mWARNING[39m[22m in [1m[eslint] 
src\components\Topbar.jsx
  Line 29:9:  The href attribute requires a valid value to be accessible. Provide a valid, navigable address as the href value. If you cannot provide a valid href, but still need the element to resemble a link, use a button and change it with appropriate styles. Learn more: https://github.com/jsx-eslint/eslint-plugin-jsx-a11y/blob/HEAD/docs/rules/anchor-is-valid.md  jsx-a11y/anchor-is-valid

src\paneles\administrador\Encargados.jsx
  Line 317:13:  'resp' is assigned a value but never used  no-unused-vars

src\paneles\administrador\Materiales.jsx
  Line 12:7:   'COLORES_CANECA' is assigned a value but never used                                                                  no-unused-vars
  Line 33:59:  React Hook useEffect has a missing dependency: 'cargarMateriales'. Either include it or remove the dependency array  react-hooks/exhaustive-deps

src\paneles\administrador\Perfil.jsx
  Line 71:9:   'totalEntregas' is assigned a value but never used  no-unused-vars
  Line 73:9:   'totalKg' is assigned a value but never used        no-unused-vars
  Line 75:9:   'canjes' is assigned a value but never used         no-unused-vars
  Line 89:13:  'usuario' is assigned a value but never used        no-unused-vars

src\paneles\administrador\Recompensas.jsx
  Line 49:34:  React Hook useEffect has a missing dependency: 'cargar'. Either include it or remove the dependency array  react-hooks/exhaustive-deps

src\paneles\administrador\Usuarios.jsx
  Line 3:10:  'ALL_POINTS' is defined but never used                                                                                                                                                                                                             no-unused-vars
  Line 3:22:  'ZONAS' is defined but never used                                                                                                                                                                                                                  no-unused-vars
  Line 4:10:  'getRolCfg' is defined but never used                                                                                                                                                                                                              no-unused-vars
  Line 43:6:  React Hook useEffect has missing dependencies: 'dispatch' and 'showToast'. Either include them or remove the dependency array. If 'dispatch' changes too often, find the parent component that defines it and wrap that definition in useCallback  react-hooks/exhaustive-deps

src\paneles\encargado\Canjes.jsx
  Line 509:35:  'st' is assigned a value but never used  no-unused-vars

src\paneles\encargado\HistorialdeEntregas.jsx
  Line 5:13:    'S' is defined but never used                                           no-unused-vars
  Line 188:17:  Comments inside children section of tag should be placed inside braces  react/jsx-no-comment-textnodes

src\paneles\encargado\PanelEncargado.jsx
  Line 31:9:  'navigate' is assigned a value but never used  no-unused-vars

src\paneles\superadmin\Sidebar.jsx
  Line 34:9:  'handleLogout' is assigned a value but never used  no-unused-vars

[39m[22m

[1m[31mERROR[39m[22m in [1m[eslint] 
src\paneles\administrador\Encargados.jsx
  Line 90:18:  'zonasList' is not defined  no-undef

Search for the keywords to learn more about each [1m[31merror[39m[22m[1m.[39m[22m

webpack compiled with [1m[31m1 error[39m[22m and [1m[33m1 warning[39m[22m
Compiling...
Failed to compile.

[eslint] 
src\paneles\administrador\Aliados.jsx
  Line 817:22:  'ZONAS' is not defined  no-undef

src\paneles\administrador\Encargados.jsx
  Line 90:18:  'zonasList' is not defined  no-undef

Search for the keywords to learn more about each error.
[1m[33mWARNING[39m[22m in [1m[eslint] 
src\components\Topbar.jsx
  Line 29:9:  The href attribute requires a valid value to be accessible. Provide a valid, navigable address as the href value. If you cannot provide a valid href, but still need the element to resemble a link, use a button and change it with appropriate styles. Learn more: https://github.com/jsx-eslint/eslint-plugin-jsx-a11y/blob/HEAD/docs/rules/anchor-is-valid.md  jsx-a11y/anchor-is-valid

src\paneles\administrador\Encargados.jsx
  Line 317:13:  'resp' is assigned a value but never used  no-unused-vars

src\paneles\administrador\Materiales.jsx
  Line 12:7:   'COLORES_CANECA' is assigned a value but never used                                                                  no-unused-vars
  Line 33:59:  React Hook useEffect has a missing dependency: 'cargarMateriales'. Either include it or remove the dependency array  react-hooks/exhaustive-deps

src\paneles\administrador\Perfil.jsx
  Line 71:9:   'totalEntregas' is assigned a value but never used  no-unused-vars
  Line 73:9:   'totalKg' is assigned a value but never used        no-unused-vars
  Line 75:9:   'canjes' is assigned a value but never used         no-unused-vars
  Line 89:13:  'usuario' is assigned a value but never used        no-unused-vars

src\paneles\administrador\Recompensas.jsx
  Line 49:34:  React Hook useEffect has a missing dependency: 'cargar'. Either include it or remove the dependency array  react-hooks/exhaustive-deps

src\paneles\administrador\Usuarios.jsx
  Line 3:10:  'ALL_POINTS' is defined but never used                                                                                                                                                                                                             no-unused-vars
  Line 3:22:  'ZONAS' is defined but never used                                                                                                                                                                                                                  no-unused-vars
  Line 4:10:  'getRolCfg' is defined but never used                                                                                                                                                                                                              no-unused-vars
  Line 43:6:  React Hook useEffect has missing dependencies: 'dispatch' and 'showToast'. Either include them or remove the dependency array. If 'dispatch' changes too often, find the parent component that defines it and wrap that definition in useCallback  react-hooks/exhaustive-deps

src\paneles\encargado\Canjes.jsx
  Line 509:35:  'st' is assigned a value but never used  no-unused-vars

src\paneles\encargado\HistorialdeEntregas.jsx
  Line 5:13:    'S' is defined but never used                                           no-unused-vars
  Line 188:17:  Comments inside children section of tag should be placed inside braces  react/jsx-no-comment-textnodes

src\paneles\encargado\PanelEncargado.jsx
  Line 31:9:  'navigate' is assigned a value but never used  no-unused-vars

src\paneles\superadmin\Sidebar.jsx
  Line 34:9:  'handleLogout' is assigned a value but never used  no-unused-vars

[39m[22m

[1m[31mERROR[39m[22m in [1m[eslint] 
src\paneles\administrador\Aliados.jsx
  Line 817:22:  'ZONAS' is not defined  no-undef

src\paneles\administrador\Encargados.jsx
  Line 90:18:  'zonasList' is not defined  no-undef

Search for the keywords to learn more about each [1m[31merror[39m[22m[1m.[39m[22m

webpack compiled with [1m[31m1 error[39m[22m and [1m[33m1 warning[39m[22m
Compiling...
Failed to compile.

[eslint] 
src\paneles\administrador\Aliados.jsx
  Line 818:22:  'ZONAS' is not defined  no-undef

src\paneles\administrador\Encargados.jsx
  Line 90:18:  'zonasList' is not defined  no-undef

Search for the keywords to learn more about each error.
[1m[33mWARNING[39m[22m in [1m[eslint] 
src\components\Topbar.jsx
  Line 29:9:  The href attribute requires a valid value to be accessible. Provide a valid, navigable address as the href value. If you cannot provide a valid href, but still need the element to resemble a link, use a button and change it with appropriate styles. Learn more: https://github.com/jsx-eslint/eslint-plugin-jsx-a11y/blob/HEAD/docs/rules/anchor-is-valid.md  jsx-a11y/anchor-is-valid

src\paneles\administrador\Aliados.jsx
  Line 19:3:  'getZonas' is defined but never used  no-unused-vars

src\paneles\administrador\Encargados.jsx
  Line 317:13:  'resp' is assigned a value but never used  no-unused-vars

src\paneles\administrador\Materiales.jsx
  Line 12:7:   'COLORES_CANECA' is assigned a value but never used                                                                  no-unused-vars
  Line 33:59:  React Hook useEffect has a missing dependency: 'cargarMateriales'. Either include it or remove the dependency array  react-hooks/exhaustive-deps

src\paneles\administrador\Perfil.jsx
  Line 71:9:   'totalEntregas' is assigned a value but never used  no-unused-vars
  Line 73:9:   'totalKg' is assigned a value but never used        no-unused-vars
  Line 75:9:   'canjes' is assigned a value but never used         no-unused-vars
  Line 89:13:  'usuario' is assigned a value but never used        no-unused-vars

src\paneles\administrador\Recompensas.jsx
  Line 49:34:  React Hook useEffect has a missing dependency: 'cargar'. Either include it or remove the dependency array  react-hooks/exhaustive-deps

src\paneles\administrador\Usuarios.jsx
  Line 3:10:  'ALL_POINTS' is defined but never used                                                                                                                                                                                                             no-unused-vars
  Line 3:22:  'ZONAS' is defined but never used                                                                                                                                                                                                                  no-unused-vars
  Line 4:10:  'getRolCfg' is defined but never used                                                                                                                                                                                                              no-unused-vars
  Line 43:6:  React Hook useEffect has missing dependencies: 'dispatch' and 'showToast'. Either include them or remove the dependency array. If 'dispatch' changes too often, find the parent component that defines it and wrap that definition in useCallback  react-hooks/exhaustive-deps

src\paneles\encargado\Canjes.jsx
  Line 509:35:  'st' is assigned a value but never used  no-unused-vars

src\paneles\encargado\HistorialdeEntregas.jsx
  Line 5:13:    'S' is defined but never used                                           no-unused-vars
  Line 188:17:  Comments inside children section of tag should be placed inside braces  react/jsx-no-comment-textnodes

src\paneles\encargado\PanelEncargado.jsx
  Line 31:9:  'navigate' is assigned a value but never used  no-unused-vars

src\paneles\superadmin\Sidebar.jsx
  Line 34:9:  'handleLogout' is assigned a value but never used  no-unused-vars

[39m[22m

[1m[31mERROR[39m[22m in [1m[eslint] 
src\paneles\administrador\Aliados.jsx
  Line 818:22:  'ZONAS' is not defined  no-undef

src\paneles\administrador\Encargados.jsx
  Line 90:18:  'zonasList' is not defined  no-undef

Search for the keywords to learn more about each [1m[31merror[39m[22m[1m.[39m[22m

webpack compiled with [1m[31m1 error[39m[22m and [1m[33m1 warning[39m[22m
Compiling...
Failed to compile.

[eslint] 
src\paneles\administrador\Aliados.jsx
  Line 819:22:  'ZONAS' is not defined  no-undef

src\paneles\administrador\Encargados.jsx
  Line 90:18:  'zonasList' is not defined  no-undef

Search for the keywords to learn more about each error.
[1m[33mWARNING[39m[22m in [1m[eslint] 
src\components\Topbar.jsx
  Line 29:9:  The href attribute requires a valid value to be accessible. Provide a valid, navigable address as the href value. If you cannot provide a valid href, but still need the element to resemble a link, use a button and change it with appropriate styles. Learn more: https://github.com/jsx-eslint/eslint-plugin-jsx-a11y/blob/HEAD/docs/rules/anchor-is-valid.md  jsx-a11y/anchor-is-valid

src\paneles\administrador\Aliados.jsx
  Line 19:3:   'getZonas' is defined but never used               no-unused-vars
  Line 63:10:  'zonasList' is assigned a value but never used     no-unused-vars
  Line 63:21:  'setZonasList' is assigned a value but never used  no-unused-vars

src\paneles\administrador\Encargados.jsx
  Line 317:13:  'resp' is assigned a value but never used  no-unused-vars

src\paneles\administrador\Materiales.jsx
  Line 12:7:   'COLORES_CANECA' is assigned a value but never used                                                                  no-unused-vars
  Line 33:59:  React Hook useEffect has a missing dependency: 'cargarMateriales'. Either include it or remove the dependency array  react-hooks/exhaustive-deps

src\paneles\administrador\Perfil.jsx
  Line 71:9:   'totalEntregas' is assigned a value but never used  no-unused-vars
  Line 73:9:   'totalKg' is assigned a value but never used        no-unused-vars
  Line 75:9:   'canjes' is assigned a value but never used         no-unused-vars
  Line 89:13:  'usuario' is assigned a value but never used        no-unused-vars

src\paneles\administrador\Recompensas.jsx
  Line 49:34:  React Hook useEffect has a missing dependency: 'cargar'. Either include it or remove the dependency array  react-hooks/exhaustive-deps

src\paneles\administrador\Usuarios.jsx
  Line 3:10:  'ALL_POINTS' is defined but never used                                                                                                                                                                                                             no-unused-vars
  Line 3:22:  'ZONAS' is defined but never used                                                                                                                                                                                                                  no-unused-vars
  Line 4:10:  'getRolCfg' is defined but never used                                                                                                                                                                                                              no-unused-vars
  Line 43:6:  React Hook useEffect has missing dependencies: 'dispatch' and 'showToast'. Either include them or remove the dependency array. If 'dispatch' changes too often, find the parent component that defines it and wrap that definition in useCallback  react-hooks/exhaustive-deps

src\paneles\encargado\Canjes.jsx
  Line 509:35:  'st' is assigned a value but never used  no-unused-vars

src\paneles\encargado\HistorialdeEntregas.jsx
  Line 5:13:    'S' is defined but never used                                           no-unused-vars
  Line 188:17:  Comments inside children section of tag should be placed inside braces  react/jsx-no-comment-textnodes

src\paneles\encargado\PanelEncargado.jsx
  Line 31:9:  'navigate' is assigned a value but never used  no-unused-vars

src\paneles\superadmin\Sidebar.jsx
  Line 34:9:  'handleLogout' is assigned a value but never used  no-unused-vars

[39m[22m

[1m[31mERROR[39m[22m in [1m[eslint] 
src\paneles\administrador\Aliados.jsx
  Line 819:22:  'ZONAS' is not defined  no-undef

src\paneles\administrador\Encargados.jsx
  Line 90:18:  'zonasList' is not defined  no-undef

Search for the keywords to learn more about each [1m[31merror[39m[22m[1m.[39m[22m

webpack compiled with [1m[31m1 error[39m[22m and [1m[33m1 warning[39m[22m
Compiling...
Failed to compile.

[eslint] 
src\paneles\administrador\Aliados.jsx
  Line 820:22:  'ZONAS' is not defined  no-undef

src\paneles\administrador\Encargados.jsx
  Line 90:18:  'zonasList' is not defined  no-undef

Search for the keywords to learn more about each error.
[1m[33mWARNING[39m[22m in [1m[eslint] 
src\components\Topbar.jsx
  Line 29:9:  The href attribute requires a valid value to be accessible. Provide a valid, navigable address as the href value. If you cannot provide a valid href, but still need the element to resemble a link, use a button and change it with appropriate styles. Learn more: https://github.com/jsx-eslint/eslint-plugin-jsx-a11y/blob/HEAD/docs/rules/anchor-is-valid.md  jsx-a11y/anchor-is-valid

src\paneles\administrador\Aliados.jsx
  Line 63:10:  'zonasList' is assigned a value but never used  no-unused-vars

src\paneles\administrador\Encargados.jsx
  Line 317:13:  'resp' is assigned a value but never used  no-unused-vars

src\paneles\administrador\Materiales.jsx
  Line 12:7:   'COLORES_CANECA' is assigned a value but never used                                                                  no-unused-vars
  Line 33:59:  React Hook useEffect has a missing dependency: 'cargarMateriales'. Either include it or remove the dependency array  react-hooks/exhaustive-deps

src\paneles\administrador\Perfil.jsx
  Line 71:9:   'totalEntregas' is assigned a value but never used  no-unused-vars
  Line 73:9:   'totalKg' is assigned a value but never used        no-unused-vars
  Line 75:9:   'canjes' is assigned a value but never used         no-unused-vars
  Line 89:13:  'usuario' is assigned a value but never used        no-unused-vars

src\paneles\administrador\Recompensas.jsx
  Line 49:34:  React Hook useEffect has a missing dependency: 'cargar'. Either include it or remove the dependency array  react-hooks/exhaustive-deps

src\paneles\administrador\Usuarios.jsx
  Line 3:10:  'ALL_POINTS' is defined but never used                                                                                                                                                                                                             no-unused-vars
  Line 3:22:  'ZONAS' is defined but never used                                                                                                                                                                                                                  no-unused-vars
  Line 4:10:  'getRolCfg' is defined but never used                                                                                                                                                                                                              no-unused-vars
  Line 43:6:  React Hook useEffect has missing dependencies: 'dispatch' and 'showToast'. Either include them or remove the dependency array. If 'dispatch' changes too often, find the parent component that defines it and wrap that definition in useCallback  react-hooks/exhaustive-deps

src\paneles\encargado\Canjes.jsx
  Line 509:35:  'st' is assigned a value but never used  no-unused-vars

src\paneles\encargado\HistorialdeEntregas.jsx
  Line 5:13:    'S' is defined but never used                                           no-unused-vars
  Line 188:17:  Comments inside children section of tag should be placed inside braces  react/jsx-no-comment-textnodes

src\paneles\encargado\PanelEncargado.jsx
  Line 31:9:  'navigate' is assigned a value but never used  no-unused-vars

src\paneles\superadmin\Sidebar.jsx
  Line 34:9:  'handleLogout' is assigned a value but never used  no-unused-vars

[39m[22m

[1m[31mERROR[39m[22m in [1m[eslint] 
src\paneles\administrador\Aliados.jsx
  Line 820:22:  'ZONAS' is not defined  no-undef

src\paneles\administrador\Encargados.jsx
  Line 90:18:  'zonasList' is not defined  no-undef

Search for the keywords to learn more about each [1m[31merror[39m[22m[1m.[39m[22m

webpack compiled with [1m[31m1 error[39m[22m and [1m[33m1 warning[39m[22m
Compiling...
Failed to compile.

[eslint] 
src\paneles\administrador\Encargados.jsx
  Line 90:18:  'zonasList' is not defined  no-undef

Search for the keywords to learn more about each error.
[1m[33mWARNING[39m[22m in [1m[eslint] 
src\components\Topbar.jsx
  Line 29:9:  The href attribute requires a valid value to be accessible. Provide a valid, navigable address as the href value. If you cannot provide a valid href, but still need the element to resemble a link, use a button and change it with appropriate styles. Learn more: https://github.com/jsx-eslint/eslint-plugin-jsx-a11y/blob/HEAD/docs/rules/anchor-is-valid.md  jsx-a11y/anchor-is-valid

src\paneles\administrador\Encargados.jsx
  Line 317:13:  'resp' is assigned a value but never used  no-unused-vars

src\paneles\administrador\Materiales.jsx
  Line 12:7:   'COLORES_CANECA' is assigned a value but never used                                                                  no-unused-vars
  Line 33:59:  React Hook useEffect has a missing dependency: 'cargarMateriales'. Either include it or remove the dependency array  react-hooks/exhaustive-deps

src\paneles\administrador\Perfil.jsx
  Line 71:9:   'totalEntregas' is assigned a value but never used  no-unused-vars
  Line 73:9:   'totalKg' is assigned a value but never used        no-unused-vars
  Line 75:9:   'canjes' is assigned a value but never used         no-unused-vars
  Line 89:13:  'usuario' is assigned a value but never used        no-unused-vars

src\paneles\administrador\Recompensas.jsx
  Line 49:34:  React Hook useEffect has a missing dependency: 'cargar'. Either include it or remove the dependency array  react-hooks/exhaustive-deps

src\paneles\administrador\Usuarios.jsx
  Line 3:10:  'ALL_POINTS' is defined but never used                                                                                                                                                                                                             no-unused-vars
  Line 3:22:  'ZONAS' is defined but never used                                                                                                                                                                                                                  no-unused-vars
  Line 4:10:  'getRolCfg' is defined but never used                                                                                                                                                                                                              no-unused-vars
  Line 43:6:  React Hook useEffect has missing dependencies: 'dispatch' and 'showToast'. Either include them or remove the dependency array. If 'dispatch' changes too often, find the parent component that defines it and wrap that definition in useCallback  react-hooks/exhaustive-deps

src\paneles\encargado\Canjes.jsx
  Line 509:35:  'st' is assigned a value but never used  no-unused-vars

src\paneles\encargado\HistorialdeEntregas.jsx
  Line 5:13:    'S' is defined but never used                                           no-unused-vars
  Line 188:17:  Comments inside children section of tag should be placed inside braces  react/jsx-no-comment-textnodes

src\paneles\encargado\PanelEncargado.jsx
  Line 31:9:  'navigate' is assigned a value but never used  no-unused-vars

src\paneles\superadmin\Sidebar.jsx
  Line 34:9:  'handleLogout' is assigned a value but never used  no-unused-vars

[39m[22m

[1m[31mERROR[39m[22m in [1m[eslint] 
src\paneles\administrador\Encargados.jsx
  Line 90:18:  'zonasList' is not defined  no-undef

Search for the keywords to learn more about each [1m[31merror[39m[22m[1m.[39m[22m

webpack compiled with [1m[31m1 error[39m[22m and [1m[33m1 warning[39m[22m
Compiling...
Failed to compile.

[eslint] 
src\paneles\administrador\Encargados.jsx
  Line 90:18:  'zonasList' is not defined  no-undef

Search for the keywords to learn more about each error.
[1m[33mWARNING[39m[22m in [1m[eslint] 
src\components\Topbar.jsx
  Line 29:9:  The href attribute requires a valid value to be accessible. Provide a valid, navigable address as the href value. If you cannot provide a valid href, but still need the element to resemble a link, use a button and change it with appropriate styles. Learn more: https://github.com/jsx-eslint/eslint-plugin-jsx-a11y/blob/HEAD/docs/rules/anchor-is-valid.md  jsx-a11y/anchor-is-valid

src\paneles\administrador\Encargados.jsx
  Line 317:13:  'resp' is assigned a value but never used  no-unused-vars

src\paneles\administrador\Materiales.jsx
  Line 12:7:   'COLORES_CANECA' is assigned a value but never used                                                                  no-unused-vars
  Line 33:59:  React Hook useEffect has a missing dependency: 'cargarMateriales'. Either include it or remove the dependency array  react-hooks/exhaustive-deps

src\paneles\administrador\Perfil.jsx
  Line 71:9:   'totalEntregas' is assigned a value but never used  no-unused-vars
  Line 73:9:   'totalKg' is assigned a value but never used        no-unused-vars
  Line 75:9:   'canjes' is assigned a value but never used         no-unused-vars
  Line 89:13:  'usuario' is assigned a value but never used        no-unused-vars

src\paneles\administrador\Recompensas.jsx
  Line 49:34:  React Hook useEffect has a missing dependency: 'cargar'. Either include it or remove the dependency array  react-hooks/exhaustive-deps

src\paneles\administrador\Usuarios.jsx
  Line 3:10:  'ALL_POINTS' is defined but never used                                                                                                                                                                                                             no-unused-vars
  Line 4:10:  'getRolCfg' is defined but never used                                                                                                                                                                                                              no-unused-vars
  Line 43:6:  React Hook useEffect has missing dependencies: 'dispatch' and 'showToast'. Either include them or remove the dependency array. If 'dispatch' changes too often, find the parent component that defines it and wrap that definition in useCallback  react-hooks/exhaustive-deps

src\paneles\encargado\Canjes.jsx
  Line 509:35:  'st' is assigned a value but never used  no-unused-vars

src\paneles\encargado\HistorialdeEntregas.jsx
  Line 5:13:    'S' is defined but never used                                           no-unused-vars
  Line 188:17:  Comments inside children section of tag should be placed inside braces  react/jsx-no-comment-textnodes

src\paneles\encargado\PanelEncargado.jsx
  Line 31:9:  'navigate' is assigned a value but never used  no-unused-vars

src\paneles\superadmin\Sidebar.jsx
  Line 34:9:  'handleLogout' is assigned a value but never used  no-unused-vars

[39m[22m

[1m[31mERROR[39m[22m in [1m[eslint] 
src\paneles\administrador\Encargados.jsx
  Line 90:18:  'zonasList' is not defined  no-undef

Search for the keywords to learn more about each [1m[31merror[39m[22m[1m.[39m[22m

webpack compiled with [1m[31m1 error[39m[22m and [1m[33m1 warning[39m[22m
